Score,frequency_AW,frequency_CW,frequency_FW,bigram_frequency,MLC
1,3.236761766,2.776596674,3.711770894,1.427369142,5.769231
3,3.114916671,2.645425102,3.757554066,1.37911665,11.5
2.5,3.362191939,2.597584188,4.154353121,1.589126846,18.571429
3,3.289382572,2.813823189,3.817781887,1.591812789,8.194444
3,3.262984905,2.818148652,3.83117911,1.416318531,6.653061
2,3.297023743,2.961373522,3.656023546,1.391610307,6.974359
2,3.237039689,2.798978073,3.927424794,1.477393208,11.25
2,3.325238039,2.909976907,3.785179165,1.58518458,7.036364
2.5,2.963205704,2.541529068,3.598323599,1.524059971,8.310345
3,3.345066215,2.856045579,3.845799919,1.481173009,6.491228
2.5,3.259055937,2.810261017,3.769050165,1.427189566,7.486486
2,3.356857532,2.760103224,3.929500554,1.52958901,8.32
2.5,3.214981863,2.686909414,3.83242042,1.453025713,8.583333
2.5,3.095060697,2.690831493,3.642726071,1.329571592,7.428571
3,3.321585988,2.843198626,3.808778026,1.509195114,8.690476
2.5,3.164025028,2.781961394,3.630991691,1.323352025,11.333333
2.5,3.254692469,2.706762746,3.939604622,1.458140163,9.034483
3,3.303758426,2.908980683,3.726903431,1.571390962,9.023256
2,3.15569561,2.723179349,3.664803293,1.475418451,7.181818
3,3.229173387,2.579074434,4.045255052,1.429429462,12.571429
1.5,3.30821408,2.929935297,3.891393871,1.751424783,7.555556
2.5,3.148350526,2.683107913,3.757978779,1.425595673,8.807692
3,3.316203405,2.812159673,3.83046424,1.585566355,9.852941
2,3.339430646,2.89175213,3.802680589,1.473395219,7.552632
3,3.176476565,2.684504386,3.853311018,1.421974231,7.909091
3,3.284173175,2.941721973,3.763108551,1.531162344,7.166667
1.5,3.291458341,2.789838658,3.98441749,1.525851543,8.424242
2.5,3.182092216,2.725025358,3.723801085,1.419217584,7.071429
2.5,3.323864844,2.838805653,3.974050569,1.611697004,9.384615
3,3.219091526,2.755838342,3.742334332,1.372859312,9.228571
2,3.293812458,2.775377028,3.843988834,1.442281426,7.571429
2,3.214605947,2.711476288,3.669045639,1.451401528,9
1.5,3.318069053,2.820096449,3.837082753,1.416106487,7.863636
2,3.369686528,2.913017703,3.764643349,1.501923917,6.64
2.5,3.19532283,2.687321869,3.859001504,1.379695039,10.24
2,3.264497572,2.835359632,3.745338879,1.430582567,8.73913
3.5,3.238037534,2.720413487,3.824170646,1.566323594,7.95
4,3.424020639,3.095194958,3.760405531,1.631510268,7.053571
2.5,3.230424163,2.717935365,3.856013937,1.486351715,8.090909
2.5,3.342900077,2.880328718,3.974072212,1.670855483,9.322581
2,3.278406939,2.723783067,3.96793932,1.520892098,11.636364
2.5,3.20805234,2.671937637,3.84628413,1.36399087,11.588235
2,3.202798671,2.747378276,3.713758138,1.477333447,8.956522
2.5,3.275056,2.886211341,3.751609981,1.496712549,6.490566
2.5,3.093063784,2.646402056,3.657594579,1.239618059,8.97619
3,3.091464512,2.617409875,3.696448525,1.353692907,9.75
3,3.282550157,2.683014821,3.974696644,1.608278904,14.52381
2,3.226710224,2.574570807,3.967411784,1.487204972,10.263158
3,3.097564611,2.602624838,3.662653329,1.28035259,7.390244
3.5,3.275649711,2.77603522,3.902333784,1.557565137,7.678571
3,3.262955146,2.76435909,3.871171612,1.49993703,8.585366
3,3.150827537,2.716145319,3.761232355,1.491926772,8.5
3.5,3.171093165,2.689279427,3.76122162,1.377008617,7.7
5,3.324958217,2.737106642,4.085919459,1.546446429,9.902439
3.5,3.188268179,2.678185845,3.770769611,1.541739147,9.047619
4,3.161132066,2.659956515,3.700327831,1.375278786,8.046512
2,3.259301051,2.682904476,4.052890539,1.483363561,11
2,3.20049273,2.759411986,3.663627512,1.445821102,8.6875
3,3.223486752,2.675532923,3.838609114,1.418510403,9.657895
3,3.30621694,2.809302362,4.068723793,1.560068642,8.552632
3,3.298625185,2.888928067,3.779061373,1.499462622,6.897959
3,3.318969034,2.898703173,3.911161837,1.538402848,7.717391
3,3.368666857,2.909060696,3.809888771,1.554800145,7.043478
3,3.215196384,2.709876046,3.913192821,1.556590438,8.418605
3,3.339056352,2.904735936,3.9043116,1.535663459,7.590909
3,3.253673442,2.88964492,3.661202227,1.4345122,6.839286
2.5,3.145232128,2.702267166,3.748771889,1.444396403,11.2
3,3.250219203,2.821631758,3.870372247,1.473821067,9.2
4.5,3.20584401,2.651326523,3.781689093,1.434035874,9.833333
3.5,3.282937274,2.655544965,3.962302911,1.52455628,11.90625
3,3.301904988,2.802864633,3.851353461,1.47184137,7.322581
3,3.191758094,2.751564814,3.838073626,1.472204406,7.711111
3,3.106667923,2.657604947,3.816724764,1.350366215,8.775
3.5,3.450407343,3.048629761,4.02575284,1.665230026,8.404762
3,3.235234921,2.784962046,3.754527725,1.515420641,8.102564
2.5,3.30625729,2.888710968,3.793826908,1.526696361,6.333333
3,3.211265374,2.665015673,3.849144056,1.498298415,11.393939
3,3.175285401,2.696733505,3.650749866,1.326574353,9.722222
2.5,3.080710408,2.690976045,3.696586932,1.331329283,9.958333
3.5,3.197042719,2.65675565,3.92505665,1.509569738,10.133333
3.5,3.331410667,2.710475681,3.978064853,1.535095942,9.487179
3,3.226955979,2.830109588,3.732315054,1.435323998,8.447368
3,3.249592044,2.800525423,3.747826543,1.458248699,9.852941
3,3.319920754,2.763424112,3.947859533,1.55137527,9.131579
2.5,3.295188777,2.848220373,3.852910415,1.583593899,6.413043
3,3.125665289,2.722860102,3.686494051,1.415401736,7.125
3.5,3.266834614,2.783340818,3.950888799,1.48173071,9.119048
4,3.265420921,2.798349554,3.802804108,1.512896595,10.27907
3.5,3.167480752,2.753853773,3.72268475,1.371776083,8.688889
2.5,3.261044897,2.714955502,3.917198821,1.573322419,7.204545
3.5,3.233883578,2.769708397,3.843546503,1.323861714,6.734694
3,3.220163137,2.720736778,3.94413778,1.447446977,8.325581
3,3.241990151,2.745802973,3.870255931,1.459008454,8.365854
3,3.299711649,2.77981188,3.869307719,1.468277391,9.628571
3,3.283049812,2.838789935,3.772952828,1.558927769,7.204082
3,3.237052864,2.776003836,3.900963464,1.498347251,7.5
2.5,3.279238267,2.774185702,3.818726233,1.558188418,8.361111
3,3.278143889,2.775120534,3.868497687,1.479220958,7.468085
3,3.211159056,2.693501138,3.769417593,1.573119633,7.1
3.5,3.174462249,2.693050436,3.868522225,1.387081317,8.795918
4,3.304339126,2.816955584,3.847601037,1.608331519,10
3.5,3.190090753,2.66026891,3.907388017,1.422167184,8.564103
3.5,3.1766223,2.616396479,3.982800921,1.524450459,9.75
4.5,3.201878148,2.693869304,3.866408637,1.455659886,9.56
3,3.278783463,2.784206167,3.824173494,1.485651152,7.681818
3,3.267886513,2.842577685,3.731231091,1.50615835,8.96875
4.5,3.332664292,2.771890208,3.956992773,1.594557017,9.405405
3.5,3.346353393,2.888163446,3.887850603,1.59253426,8.339286
4,3.3634309,2.890293098,4.07114963,1.617870349,8.333333
4,3.159762991,2.636186984,3.754735726,1.336975958,9.702703
4.5,3.189936727,2.787728224,3.727830025,1.508400697,7.777778
4,3.231589121,2.658299668,3.864102692,1.506411586,10.584906
4.5,3.240738618,2.755358878,3.823194307,1.485756235,8.02381
4,3.308569743,2.727991364,3.904426501,1.604860448,9.518519
4,3.308540932,2.709652703,4.034367426,1.521558747,9.478261
3,3.26705963,2.877302092,3.69984235,1.485794677,6.769231
4.5,3.161306724,2.566443751,3.822265583,1.370153437,11.02381
4,3.314190018,2.756325579,3.917199557,1.504761494,8.847826
3.5,3.239323948,2.812943536,3.793178917,1.478396665,8.474576
3,3.371241435,2.84261857,3.926077005,1.608515948,8.83871
3.5,3.247769288,2.630013782,4.014638192,1.610227739,10.428571
4,3.27251814,2.655143114,3.901468948,1.565406245,13.259259
3.5,3.266057109,2.75489267,3.988875574,1.459202711,9.305556
3.5,3.243207606,2.711158697,3.963519976,1.41325537,9.026316
4,3.110459355,2.474048855,3.975017016,1.473656259,13.285714
3.5,3.284453448,2.817293363,3.790735314,1.458482772,8.175439
4,3.164721247,2.654271995,3.83411278,1.472723569,9.488889
4,3.116715753,2.587695239,3.853326595,1.480751169,10.046512
3.5,3.136565849,2.57067953,3.821218432,1.460258136,10.684211
4,3.293517396,2.862310049,3.794725937,1.534360782,7.26
3.5,3.090875915,2.579889984,3.865338965,1.388215359,10.371429
4,3.241791205,2.706114683,3.918886328,1.41624735,9.6875
3.5,3.104017304,2.562247709,3.900154331,1.420520668,9.829787
4.5,3.172828382,2.630671766,3.923252478,1.44052712,8.346154
4,3.236642136,2.756949084,3.815037463,1.448734075,10
3.5,3.258523485,2.674027333,3.795991212,1.44074265,8.159091
4,3.093792953,2.525182526,3.806616169,1.355556647,12
3,3.285541185,2.725417156,3.935096781,1.581396891,9.3125
3.5,3.203880418,2.727212466,3.833082116,1.41434232,9.054054
3.5,3.294243742,2.806919255,3.862788976,1.656432726,9.575
3.5,3.243689575,2.80430992,3.715218961,1.501857419,7.76
4,3.15973179,2.726812778,3.875122782,1.411364954,8.018868
4,3.284469362,2.767120882,3.921655626,1.476051053,9.543478
4,3.214097091,2.586783405,3.869137349,1.395126443,8.28
4,3.265129541,2.806295318,3.788428077,1.530031822,7.394737
4.5,3.225592586,2.849918272,3.787732982,1.374173233,7.851064
4.5,3.178771113,2.648726526,3.908601737,1.40306056,10.787879
5,3.166329171,2.658888854,3.781544423,1.457776791,8.089552
4.5,3.188119851,2.81369555,3.684997382,1.436489677,7.660377
5,3.221381742,2.634564511,3.971033073,1.51601245,10.377778
4,3.155571937,2.754184217,3.660257966,1.325719401,9.861111
4,3.141605055,2.659906124,3.816773229,1.413466501,14.043478
4,3.238238211,2.755133015,3.955486415,1.520112659,8.461538
4,3.122578219,2.616535442,3.871186956,1.45938464,10.151515
4.5,3.216666514,2.614858504,3.863893996,1.400677331,9.017857
4.5,3.281251638,2.840818273,3.781666201,1.537661898,8.724638
4.5,3.254032102,2.73739866,3.919633469,1.616573118,8.176471
4.5,3.11518891,2.558344183,3.948768593,1.426332829,13.222222
5,3.249501621,2.690185107,3.910214696,1.493164628,8.489362
5,3.217264814,2.63078235,3.981960181,1.461870482,11.073171
4.5,3.359650243,2.983492598,3.798129865,1.599622933,6.864407
4.5,3.226717793,2.759693249,3.90159392,1.403873207,8.098361
4.5,3.298418651,2.827056518,3.915474535,1.512546017,8.64
4.5,3.26078766,2.677111018,3.941743742,1.54595953,10.909091
4.5,3.156136873,2.691701227,3.791127982,1.506444188,10.853659
4.5,3.133023426,2.61588691,3.767853079,1.428755435,9.631579
4.5,3.182613663,2.69625822,3.856028892,1.426916759,9
5,3.198540307,2.591487751,3.99729367,1.437459411,10.5
4.5,3.319961637,2.777399096,3.885682336,1.538522017,8.72093
5,3.163125376,2.655999219,3.854661046,1.358040148,9.90566
5,3.228987175,2.731761702,3.905070731,1.460384343,9.075
4.5,3.174294048,2.577690354,3.952364698,1.451718504,13.909091
3.5,3.212604654,2.692079691,3.995779827,1.475506052,11.615385
4,3.23181817,2.596837683,3.919713698,1.574512566,9.711111
4.5,3.212888757,2.673572405,3.868528244,1.449535315,9.097561
5,3.212703148,2.628365853,4.011823882,1.497859757,13.081081
4.5,3.277172156,2.812727724,3.780822938,1.496580432,7.142857
4,3.268443082,2.837354349,3.805043043,1.424375967,6.705882
4.5,3.156983891,2.746882013,3.681799581,1.380314931,8.5
5,3.21869323,2.68502322,3.825972896,1.448184094,7.724638
4.5,3.285985779,2.825663351,3.809800956,1.426162812,8.886364
4.5,3.288983362,2.905257229,3.719304811,1.514151241,7.465116
5,3.203391512,2.639582136,4.026553201,1.498369015,12.65625
4.5,3.248161818,2.70881847,4.070526922,1.485169102,12.043478
4.5,3.249847457,2.725015165,3.927164808,1.450384155,9.605263
3.5,3.212184864,2.654257041,3.946300421,1.371937714,9.040816
3,3.229066594,2.719079536,3.831100096,1.521820394,10.6875
3,3.165337738,2.578032808,3.910763227,1.480776463,12.190476
2,3.260426325,2.830892627,3.742024714,1.493114568,9
2.5,3.270883211,2.859219976,3.753117286,1.545624146,8.935484
2.5,3.403459055,2.709744412,4.156393239,1.608776759,12.354839
3,3.221513313,2.744893515,3.75183675,1.406749274,7.577778
4,3.147277777,2.705466351,3.709583229,1.294152062,9.803922
3,3.212306388,2.721585118,3.884903374,1.389813595,10.916667
2.5,3.24369191,2.731825039,3.970416479,1.471646897,8.259259
3.5,3.336041037,2.74198607,3.953327204,1.555735653,11.444444
3,3.374407976,2.885932177,3.8528466,1.504951521,7.813953
2,3.16571416,2.669916864,3.789216821,1.360814773,7.019608
3,3.229004485,2.750584854,3.881394892,1.359442522,8.657895
3,3.143761324,2.571712468,3.972556516,1.42091217,11
3,3.286996971,2.774818604,3.851041501,1.376695477,8.311111
3,3.334932209,2.786231942,3.957338482,1.500645024,9.515152
4,3.245030462,2.744859797,3.917921933,1.523599612,8.065217
3,3.253681658,2.731328431,3.844481169,1.404763333,10.272727
2,3.243171955,2.663913627,3.81180169,1.34327346,11.142857
2.5,3.258731563,2.842658485,3.72999801,1.496331523,8.807692
3.5,3.225414969,2.728365002,3.877793051,1.551015079,7.808511
4,3.189659713,2.58301406,3.912813471,1.576575326,10.388889
3.5,3.176508673,2.55369578,4.003522514,1.571807296,10.758621
2.5,3.199231999,2.613595932,3.895664079,1.324584658,8.529412
3.5,3.254043259,2.695129252,4.020236632,1.608548453,11.617647
3.5,3.237136527,2.789263289,3.796226609,1.556683329,9
2.5,3.215329575,2.776685708,3.762280571,1.318088148,10.380952
4.5,3.126678383,2.579594643,3.843097568,1.371587855,12.4
3.5,3.316778237,2.867404953,3.872367024,1.566114516,8.147059
4.5,3.198717253,2.626726973,3.952821029,1.460890636,9.666667
3,3.265462687,2.674424158,3.932953962,1.550837913,9.211538
3,3.214874546,2.74434068,3.866651086,1.478093943,8.651163
2.5,3.249451495,2.724252659,3.796686647,1.469346569,12.107143
3,3.134942996,2.511069716,3.824487148,1.384965506,10.809524
3.5,3.310373383,2.816801526,3.828936219,1.429075578,7.291667
3.5,3.274569414,2.694365071,4.00702596,1.573227549,9.513514
3,3.246927317,2.734545962,3.851656475,1.404432233,9.790698
4.5,3.142062226,2.518376766,3.914739214,1.460409067,10.785714
5,3.211432327,2.671474274,3.856748049,1.410683924,10.230769
3,3.220955414,2.654598535,4.148136435,1.605121121,10.514286
4.5,3.133375179,2.524278098,3.870127337,1.398247784,10.473684
5,3.220698094,2.757905864,3.721014018,1.469381614,6.587302
2.5,3.212791526,2.716422491,3.845071131,1.334103752,7.129032
3.5,3.212535756,2.704542635,3.847527158,1.482428722,9.846154
3,3.220370859,2.683329845,3.939803162,1.446862882,10.214286
3,3.238027587,2.815343087,3.823022935,1.498811261,9.057143
2.5,3.322154767,2.723632695,3.943571126,1.402348494,11.794118
3.5,3.235849099,2.805196198,3.745048757,1.410312921,6.890909
3.5,3.297373851,2.791745698,3.797414952,1.528962802,6.774194
4,3.258749481,2.780820703,3.81394818,1.542815526,7.232143
2.5,3.116243868,2.646485385,3.788558763,1.431819213,9.774194
4.5,3.260209145,2.741729003,3.837844739,1.485164464,8.6
3,3.297026287,2.853240345,3.823652272,1.445975125,8.466667
5,3.153190123,2.527221608,3.998424444,1.499898641,8.941176
2.5,3.25868293,2.716731563,3.929963601,1.419286996,8.875
3,3.184102231,2.771974749,4.068007226,1.600213923,10
2.5,3.191217862,2.584488061,4.133710756,1.5531715,9.806452
2,3.152359171,2.75253792,3.997435905,1.423219524,10.0625
2.5,3.22495014,2.795857725,3.896272145,1.517177159,12.6
2.5,3.239381821,2.822246209,3.825211981,1.480917769,7.169811
2.5,3.346320069,2.902718729,3.818311895,1.549406062,11.384615
1.5,3.399700451,2.877945003,4.002348218,1.639493083,6.933333
2.5,3.237837659,2.773910079,3.858088662,1.458022095,12.25
2.5,3.428696831,2.97686353,3.929642447,1.687234285,9.458333
3,3.28671901,2.769465445,3.83459943,1.512285821,7.952381
2.5,3.197218111,2.751125086,3.669899461,1.401055928,7.06
2,3.255566391,2.854348075,3.788613583,1.495274295,8.021739
2.5,3.298936193,2.865938991,3.951868481,1.466404155,8.288889
2,3.21255265,2.647247168,4.008167773,1.456597812,10.2
2.5,3.169269263,2.65726147,3.906560486,1.426519702,8.416667
1,3.35439991,3.038935849,3.914094211,1.601851085,7.230769
3,3.246629513,2.678243189,4.036296009,1.406004098,12.5
2,3.252586288,2.704458028,4.026113084,1.548386247,8.051282
3,3.230363729,2.788045782,3.895478862,1.52720813,8.977778
2.5,3.17648389,2.566561834,3.918823235,1.466554033,12.40625
3.5,3.308426434,2.752642638,3.938766593,1.604563472,8.697674
3,3.287965593,2.784584694,3.844549351,1.513692916,10.807692
2.5,3.31497403,2.645575359,4.149066025,1.472214777,17
3,3.191419766,2.758526091,3.809839302,1.476311291,9
2.5,3.168718021,2.652199737,3.94088677,1.366862924,8.058824
2,3.303189494,2.792417454,3.926176603,1.615458521,8.282051
2,3.334192176,2.853260295,3.85694422,1.507398225,10.121212
3,3.324403564,2.733051479,3.929835462,1.60396345,10.137931
2,3.150932695,2.68993421,3.838884279,1.402826618,8.318182
2,3.240753583,2.74659342,3.921119024,1.515102472,10.105263
3,3.215799238,2.755227526,3.837347469,1.55076037,10.035714
2,3.163918908,2.524691462,3.977481111,1.512582026,11.518519
3,3.384725186,2.761078521,4.018271005,1.643998277,9.931034
2,3.247757307,2.764957767,3.850291133,1.584504387,9.228571
2.5,3.223916822,2.709051797,3.879199582,1.493722297,8.625
2.5,3.383717011,2.83470423,3.927501099,1.475231028,10.416667
1.5,3.177271277,2.78055488,3.854333929,1.457464222,7.138889
2,3.220088044,2.689708043,3.901207624,1.498940083,9.071429
3,3.184643347,2.743516273,3.914199663,1.428506196,15.95
3,3.298239616,2.757754154,4.041984568,1.665281623,9.411765
3,3.25914055,2.692661689,3.853422054,1.522279319,12.451613
3,3.223865454,2.781879216,3.918415256,1.630878327,7.833333
2.5,3.189434643,2.634706971,4.069347503,1.386524589,10.529412
3,3.216232891,2.655387549,3.859440137,1.346805405,11.258065
2.5,3.247168682,2.630530552,4.028650669,1.512992828,16.9375
2,3.232492182,2.81255261,3.95064971,1.577921374,10.380952
3,3.489014189,2.878539655,4.122968513,1.727083554,7.891304
2.5,3.308396826,2.742642709,4.004709586,1.585809497,10.875
3.5,3.397858924,2.807404182,4.028406271,1.619977098,12.533333
3.5,3.185986922,2.573701561,3.993336645,1.601513701,10.517241
3,3.293440536,2.590915684,4.065681594,1.677090541,12.346154
3,3.281092012,2.920040422,3.72350734,1.532872346,8.547619
3,3.199997082,2.659743381,3.864162183,1.448065754,10.538462
2.5,3.314251133,2.746774743,3.981603366,1.435339907,9.083333
3,3.247532279,2.79456397,3.855997173,1.531479077,6.428571
3,3.187446863,2.651399282,3.906332379,1.582460001,7.478261
4,3.264348438,2.713598411,4.04946018,1.499373326,9.475
3,3.296360534,2.830122167,3.92071452,1.498079106,8.588235
3,3.129687512,2.646641442,3.760103569,1.537176778,9.545455
3,3.33660095,2.875188378,3.893845364,1.608667641,9.59375
2.5,3.188499734,2.712832321,3.885407804,1.600562002,12.578947
3,3.277577165,2.825666992,3.747685064,1.478686706,7.234043
3,3.244872294,2.736015443,3.89699952,1.523327339,8.451613
3,3.340023435,2.794116161,4.062547769,1.523829114,10.592593
3,3.251297581,2.615577933,3.953238026,1.522625054,12.666667
3.5,3.160252579,2.640226971,3.907516268,1.469196232,8.525
3,3.207642252,2.789711005,3.827940209,1.356744976,9.233333
2,3.179011488,2.848846424,3.694576934,1.388521302,7.686275
3.5,3.291806763,2.782421775,4.047394495,1.584261941,11.75
3,3.223900203,2.692529888,3.927184444,1.483032414,9.827586
3,3.285366083,2.768276564,4.017909567,1.526424963,9.192308
3,3.260579845,2.77972451,3.981862846,1.470821828,10.65
4,3.090645968,2.412901214,4.095246348,1.443059421,11.764706
3,3.220392447,2.801910097,3.75566057,1.398644124,8.037037
3.5,3.319096635,2.906348889,3.94456822,1.638747452,10.342857
4.5,3.279134424,2.766983745,3.926392337,1.460974731,10.641026
3,3.241697281,2.866459905,3.79335223,1.539742878,7.68
3.5,3.083482404,2.729061205,3.765962896,1.41869711,9.690476
3.5,3.18671232,2.672773203,3.894689674,1.552287225,14.736842
4.5,3.311783198,2.812999832,3.891450353,1.624844975,7.826087
3.5,3.029130846,2.595896274,3.791623694,1.257352764,11.464286
3,3.285760187,2.620741972,4.215274283,1.65804186,13.388889
3.5,3.284649237,2.722994112,3.984133841,1.531249248,9.863636
3.5,3.207284049,2.746399809,3.7998495,1.524377499,8.322581
3.5,3.251593575,2.698520509,3.94615045,1.385109489,10.129032
3.5,3.129802941,2.601051337,3.947786193,1.536099132,11.551724
3.5,3.104270812,2.631970988,3.962997766,1.412043268,10.424242
3,3.31535458,2.754606556,4.069815557,1.538729623,9.62069
3.5,3.25089829,2.826205072,3.838058043,1.51434123,10.447368
3.5,3.295711159,2.641377379,4.047972443,1.62917544,9.210526
3.5,3.258083876,2.754192709,3.926884879,1.599322174,9.354839
3,3.30183721,2.832225487,4.066107268,1.60744005,11
3.5,3.285613519,2.781115116,4.066258417,1.621073552,13.55
4,3.248759606,2.727891864,4.001124122,1.593765284,11.566667
4,3.239153375,2.768955601,3.931855453,1.619339652,9.285714
4,3.18094928,2.687617115,3.905135598,1.557470814,9.704545
3.5,3.202441206,2.649542712,3.902203362,1.561998618,9.617647
4,3.210230769,2.630339674,3.912204201,1.613622531,11.172414
3.5,3.28261341,2.747559252,4.113858264,1.62302342,11
3.5,3.091432532,2.668587688,3.861329276,1.558029882,10.151515
3.5,3.175302925,2.595163758,4.234687491,1.481438328,12.25
3.5,3.145027337,2.687449655,3.913757842,1.38103755,10.551724
4.5,3.151110691,2.523986348,3.937504709,1.43624237,9.86
3,3.211650262,2.732645308,4.015694294,1.435646023,12.227273
3,3.210185867,2.68242734,3.942972888,1.483893625,9.05
4,3.258457922,2.888158176,3.759337053,1.554356458,7.681818
3.5,3.2248882,2.72837641,3.895954917,1.599282494,8.868421
4,3.254364283,2.804300153,3.973697549,1.535453772,10.75
3.5,3.271016797,2.845665621,3.910618934,1.539999691,8.727273
4,3.245438791,2.666370425,3.87866463,1.58223366,9.939394
3.5,3.217232448,2.737366512,3.864008275,1.471742913,7.541667
5,3.20580646,2.598629283,3.979587129,1.535362535,11.771429
5,3.145165491,2.539287065,4.053983131,1.46556197,12.309524
5,3.271640991,2.820727655,3.917950106,1.560076824,9.348837
4.5,3.20113862,2.731693633,3.829859584,1.511734694,10.512195
5,3.062161267,2.500837501,3.923637325,1.351309447,12.647059
4,3.152533677,2.696237088,3.911749849,1.533116696,9.842105
4.5,3.237484103,2.703707252,3.924431703,1.494342528,8.84375
4.5,3.222105365,2.607307454,3.914877645,1.488141495,10.434783
5,3.155229404,2.51205351,4.101076308,1.553611602,13.361111
4,3.336394546,2.713616737,4.162613105,1.544398781,14.068966
4,3.127069158,2.573042027,3.980449659,1.453195853,10.171429
5,3.12896928,2.623088103,3.927729032,1.470130589,10.836066
4,3.210562382,2.556950311,4.096101317,1.561485556,11.166667
5,3.290679732,2.697141945,4.115037769,1.586038156,11.257143
4,3.294195655,2.667846737,4.062359423,1.616388238,11.2
4,3.209592505,2.726349711,4.017848153,1.465542764,10.375
5,3.153310601,2.556297785,4.073546916,1.433674274,13
4,3.284971611,2.668472619,4.034892027,1.591175399,12.807692
4.5,3.255838377,2.759799598,3.959521295,1.599538078,12.702703
3.5,3.192489576,2.727496421,3.77822681,1.369285194,8.407407
4,3.30321392,2.795302423,4.057267143,1.676937096,9.918919
5,2.980947167,2.232240932,4.01401779,1.44746502,11.914894
4,3.148353099,2.656379636,3.874101188,1.43504,9.093023
5,3.160520354,2.633360944,3.912791079,1.449560589,8.327869
5,3.187237795,2.605059217,4.026259864,1.572190023,10.457143
5,3.387347069,2.874785635,4.208803144,1.705784938,9.622222
4,3.263539778,2.616848663,4.157340506,1.552634648,11.607143
4,3.291436359,2.819400315,3.899964753,1.513115412,6.9
5,3.093005918,2.486919485,4.128403574,1.39377822,20.380952
3.5,3.194411558,2.60847875,3.973911455,1.601550376,11.6
5,3.038466381,2.401972258,4.103902196,1.442556122,15.807692
5,3.139192271,2.586292314,3.86914446,1.481502114,9.826087
4,3.320587242,2.812371273,4.029100092,1.615574425,8.636364
3.5,3.346618997,2.792860091,4.006749671,1.63867397,9.23913
5,3.218355368,2.695389608,3.992669014,1.549496649,10.441176
4.5,3.13247509,2.553113421,3.889783558,1.391203177,9.605263
4.5,3.082964774,2.564417982,3.969952708,1.37988167,12.241379
4,3.247216475,2.817527491,3.835703562,1.502821113,10.027778
4.5,3.206777834,2.571182866,4.100433917,1.511600518,14.32
4.5,3.275040164,2.616497804,4.069705805,1.506564243,10.404762
5,3.24624893,2.704283635,4.037116806,1.60169717,10.657143
5,3.207523466,2.647204913,4.111263067,1.466755876,10.823529
4.5,3.095843889,2.460566757,3.973811162,1.342877691,12.263158
4.5,3.301318525,2.723659924,4.1218145,1.650008011,12.085714
4.5,3.192056556,2.63609953,4.060996798,1.525665828,11.457143
5,3.144501457,2.576674513,3.969385193,1.472692197,13.290323
4.5,3.221385025,2.662734687,3.892894018,1.449917715,10.422222
3,3.313789751,2.788591612,3.94182389,1.639104188,8.454545
3.5,3.190217058,2.589093583,3.954502619,1.355133956,9.097561
4.5,3.226874259,2.536907804,4.097546215,1.562699546,14.272727
4,3.17696175,2.633963542,3.950936809,1.408788363,15.125
4,3.186210989,2.63737164,3.954586078,1.478691145,8.511111
3.5,3.270380091,2.631870095,4.059127732,1.547990414,14.666667
4,3.181069704,2.587828841,4.01227724,1.498265109,10.818182
4.5,3.262846453,2.740710993,4.05420801,1.607978172,11.16129
3.5,3.151408575,2.589807615,4.048228713,1.510057477,12.419355
2.5,3.290676589,2.690444572,4.129095914,1.605585488,11.25
2,3.174892381,2.73359511,3.859891129,1.47901103,10.789474
3.5,3.32167112,2.767660346,4.011195319,1.637025302,11.03125
4,3.220161835,2.647441222,3.915608294,1.553739665,11.9375
3,3.21786758,2.722110207,3.89250648,1.563306584,10.84
3,3.314656283,2.732839312,4.090412245,1.533895839,7.893617
3.5,3.153107699,2.700793946,3.867451489,1.567914432,10
3,3.081504197,2.690641106,3.753642595,1.539821028,8.512821
4,3.352270215,2.814581569,3.928365192,1.587812253,8.428571
2,3.228971755,2.757248094,3.857936636,1.739199727,9.052632
2.5,3.181845861,2.630239424,3.890281578,1.522666651,10.037037
4,3.250928083,2.793467178,3.856754686,1.60241351,7.901961
3.5,3.239689223,2.658726211,4.03139372,1.585651376,10.72
3,3.19941111,2.669882707,3.850390982,1.551300158,10.84
4,3.159644148,2.635908596,4.036794747,1.515730903,13.642857
3.5,3.121498428,2.585602724,3.971539889,1.406855124,10.90625
4,3.195367932,2.701562168,3.961493052,1.477430601,10.184211
3,3.159877731,2.657544269,3.82965568,1.509442403,7.47619
5,3.007411922,2.514760957,3.766007212,1.405442624,11.431034
4.5,3.243047691,2.843774462,3.948530466,1.493868981,12
3.5,3.185538651,2.730810553,3.926353962,1.513175394,9.061224
2,3.384504287,3.015112835,3.92833059,1.74924713,7.454545
4,3.233561207,2.759530969,3.983390857,1.541831825,10.15625
2.5,3.275853491,2.799676237,3.859078345,1.604001342,11.333333
3,3.273803305,2.765931643,4.026476416,1.543222734,10.076923
3,3.361381467,2.865834785,4.020594944,1.584227644,7.527778
4.5,3.368480623,2.8578136,4.126244593,1.589099004,10.78125
3,3.202495466,2.738086712,3.851942082,1.444130433,10.666667
4,3.2791422,2.732984013,3.941265481,1.53944787,8.043478
3.5,3.379254195,2.878920163,3.967275636,1.622191579,10.818182
3,3.33707318,2.805586974,3.962855327,1.560781103,10.2
4.5,3.169359639,2.703169637,3.926452203,1.439682046,11.147059
4,3.254315343,2.654591773,3.958338664,1.550359391,11.441176
4.5,3.198802265,2.729956899,3.847684252,1.526786139,9.8
3.5,3.276258493,2.673180058,4.011928642,1.566008544,11.15625
3,3.291506665,2.725990723,4.147030782,1.614334274,11.413793
2,3.281156713,2.721498375,3.885144424,1.37415715,9.76
4,3.188656855,2.720809197,3.915560654,1.516807732,8.340909
3,3.362773675,2.880344282,4.090072532,1.520941602,10.969697
5,3.171673913,2.589433022,4.011764341,1.492811882,13
4.5,3.265735964,2.672713804,4.000085835,1.617149819,11.977273
5,3.151440948,2.70284931,3.84383239,1.559379868,8.933333
3.5,3.139175426,2.625741353,3.8999573,1.371452443,10.189189
4.5,3.245021567,2.723906803,4.043503866,1.492040483,12.068966
5,3.264423158,2.856859223,3.857938137,1.552593415,9.931818
3.5,3.407897065,2.801316558,4.122428339,1.754905144,11.04
4,3.22825134,2.763860382,3.800282586,1.488641027,9.945946
2,3.227822891,2.743500329,3.988901203,1.57809206,8.263158
3,3.176659399,2.729445874,3.861031612,1.525394954,9.913793
3.5,3.273984885,2.662052085,3.97525094,1.628088844,9.939394
2,3.135859771,2.44746647,3.93898529,1.382247816,10.3
4,3.22839417,2.759961133,3.859989277,1.349159172,9.42
4.5,3.207376133,2.713203242,3.977515703,1.594594944,9.416667
3,3.271225617,2.800358933,3.983362833,1.535448007,8.325581
3,3.19462627,2.737032515,3.842072753,1.438093919,10.208333
3,3.307475734,2.746973594,3.863493857,1.470667614,9.548387
2.5,3.201275761,2.670623058,3.927703247,1.590609741,9.75
4.5,3.305015851,2.836184221,3.936636242,1.582504777,7.018519
2,3.306538086,2.877854152,3.976101564,1.6312666,9.264706
3,3.236900691,2.755696238,3.814346036,1.5873276,9.178571
3.5,3.25608919,2.633461192,4.070694154,1.585691834,11.25
3.5,3.263948806,2.727668772,4.137886639,1.687077655,10.290323
3.5,3.129676206,2.638292971,3.892420331,1.44757789,8.977273
5,3.298092992,2.724060364,4.109145544,1.526905791,12.147059
4.5,3.243965718,2.765792977,3.981933098,1.592736036,11.030303
4.5,3.13976799,2.56670179,4.030669223,1.45501345,10.71875
4.5,3.194668807,2.745910766,3.799213317,1.523431293,9.425926
4,3.189563268,2.606200485,3.881297793,1.514413856,8.133333
1,3.188650196,2.751302014,3.942698786,1.398579757,10
2.5,3.308934509,2.773640908,3.89498871,1.56763671,8.421053
4,3.260928108,2.74647013,4.009918399,1.635196838,9.333333
5,3.148502183,2.593132821,4.020529515,1.576272571,10.6