Score,acad_av_delta_p_verb_out_type,acad_av_lemma_construction_freq_type,acad_av_construction_freq_log,DC_C,MLC,CN_C
1,0.020741,56397.54546,4.895188,0.461538,5.769231,0.230769
3,0.010989,8130.733333,4.039699,0.441176,11.5,1.176471
2.5,0.009918,22612,3.839299,0.428571,18.571429,3.142857
3,0.01966,12400.5,4.265683,0.583333,8.194444,0.5
3,0.025905,16554.65625,4.220219,0.510204,6.653061,0.77551
2,0.007544,13628.83333,4.036642,0.564103,6.974359,0.641026
2,0.001952,11091.5625,4.271262,0.34375,11.25,1.15625
2,0.015934,22546.12121,4.172037,0.472727,7.036364,0.545455
2.5,0.014566,37158.94444,4.487756,0.413793,8.310345,0.758621
3,0.008918,19397.33333,4.138885,0.491228,6.491228,0.54386
2.5,0.008199,18438.43333,4.116713,0.486486,7.486486,0.378378
2,0.018439,7008.55,4.160468,0.6,8.32,0.8
2.5,0.030018,13484.30303,4.190426,0.472222,8.583333,0.833333
2.5,0.025097,20701.86207,4.326734,0.4,7.428571,0.6
3,0.024228,22733.51724,4.220666,0.333333,8.690476,0.714286
2.5,-0.001108,24807.32,4.166782,0.541667,11.333333,1.375
2.5,0.011051,13735.32258,4.40783,0.413793,9.034483,0.758621
3,0.008978,14030.23529,4.104275,0.372093,9.023256,0.511628
2,0.020487,26022.75,4.383379,0.333333,7.181818,0.484848
3,0.024591,15639.23077,4.252656,0.464286,12.571429,1.285714
1.5,0.019531,50870.58333,4.094292,0.555556,7.555556,0.888889
2.5,0.017771,17929.85714,4.190137,0.346154,8.807692,0.769231
3,0.008375,18472.22222,4.123278,0.5,9.852941,0.794118
2,0.005499,24304.21739,3.952484,0.342105,7.552632,0.736842
3,0.011332,14166.3,4.172547,0.618182,7.909091,1
3,0.015446,17685.95455,4.048523,0.37037,7.166667,0.388889
1.5,0.020426,19581.34483,4.394142,0.424242,8.424242,0.575758
2.5,0.010206,17151.76923,3.993891,0.5,7.071429,0.482143
2.5,0.022055,14846.93104,4.014927,0.461538,9.384615,1
3,0.019115,21627.16667,4.498241,0.514286,9.228571,0.942857
2,0.028637,23578.67857,4.440743,0.547619,7.571429,0.666667
2,0.015423,30906.47368,4.098286,0.636364,9,1.227273
1.5,0.013762,40288.5625,4.111759,0.5,7.863636,0.590909
2,0.019664,16714,4.206436,0.44,6.64,0.48
2.5,0.01295,19451.32143,4.229393,0.38,10.24,0.86
2,0.012268,31537.63158,4.275296,0.478261,8.73913,0.869565
3.5,0.015421,18784.55263,4.056792,0.525,7.95,0.85
4,0.007623,11759.68519,3.921178,0.464286,7.053571,0.517857
2.5,0.024211,19470.41026,4.433288,0.409091,8.090909,0.818182
2.5,0.014022,29448.78261,4.348411,0.451613,9.322581,0.677419
2,0.029185,18716.73529,4.250767,0.424242,11.636364,1.242424
2.5,0.02129,18920.2381,4.357882,0.529412,11.588235,1.117647
2,0.027573,23356.13333,4.627288,0.521739,8.956522,0.913043
2.5,0.024119,17305.60417,3.965485,0.396226,6.490566,0.603774
2.5,0.014268,10872.57895,4.259595,0.380952,8.97619,0.714286
3,0.014172,24219.25,4.346891,0.285714,9.75,0.892857
3,0.013094,731.291667,3.545488,0.619048,14.52381,1.190476
2,0.019656,1755.166667,3.966468,0.368421,10.263158,1.368421
3,0.022976,13756.77419,4.129286,0.585366,7.390244,0.609756
3.5,0.035385,15885.91111,4.256614,0.446429,7.678571,0.678571
3,0.02331,13826.53846,4.423778,0.682927,8.585366,0.731707
3,0.046534,16077.75,4.31023,0.366667,8.5,1
3.5,0.018986,18454.725,4.018727,0.55,7.7,0.825
5,0.029714,13846.475,4.107094,0.536585,9.902439,1.195122
3.5,0.014243,18666.05128,4.121188,0.571429,9.047619,0.738095
4,0.016487,15224.82051,4.125472,0.55814,8.046512,0.697674
2,0.005032,23521.42857,4.29995,0.352941,11,1.235294
2,0.014172,19241.27778,4.610152,0.4375,8.6875,0.625
3,0.026887,19214.08571,4.354075,0.447368,9.657895,1.026316
3,0.016484,19537.20588,4.634588,0.473684,8.552632,0.894737
3,0.015684,19849.91892,4.38193,0.44898,6.897959,0.795918
3,0.022528,20595.3,3.98484,0.543478,7.717391,0.717391
3,0.014116,23091.55172,4.061207,0.347826,7.043478,0.673913
3,0.015343,17412.14634,4.054767,0.55814,8.418605,0.883721
3,0.027421,17679.65854,4.092751,0.590909,7.590909,0.795455
3,0.034922,15468.4,4.4568,0.428571,6.839286,0.428571
2.5,0.026253,15966.05263,3.886504,0.45,11.2,0.7
3,0.009904,14807.46809,4.062411,0.325,9.2,1.05
4.5,0.021729,18815.88571,4.292746,0.527778,9.833333,1.111111
3.5,0.043721,15517.30233,4.27188,0.4375,11.90625,1.03125
3,0.004608,14986.23077,3.99984,0.483871,7.322581,0.806452
3,0.023454,17084.92683,4.367717,0.488889,7.711111,0.711111
3,0.017522,16096.53846,4.224126,0.425,8.775,0.725
3.5,0.027047,14937.8,4.249704,0.47619,8.404762,0.928571
3,0.015906,9883.975,3.956763,0.717949,8.102564,0.538462
2.5,0.010322,13157.78431,4.005019,0.539683,6.333333,0.52381
3,0.029262,10928.5,4.142956,0.393939,11.393939,1.363636
3,0.00826,27022.03571,4.237954,0.5,9.722222,0.694444
2.5,0.001515,14211.12,3.819897,0.416667,9.958333,0.875
3.5,0.009784,25755.83333,4.085708,0.566667,10.133333,1.3
3.5,0.014956,21260,4.049524,0.358974,9.487179,0.871795
3,0.027811,11382.58824,4.187486,0.447368,8.447368,0.578947
3,0.024631,18339.30556,4.382313,0.5,9.852941,1.147059
3,0.028669,15419.40476,4.47101,0.473684,9.131579,0.921053
2.5,0.020254,17524.75,4.242556,0.304348,6.413043,0.413043
3,0.022127,15611.06667,4.425701,0.5625,7.125,0.666667
3.5,0.022089,17262.5,4.359413,0.428571,9.119048,0.809524
4,0.012662,10118.95652,4.324988,0.55814,10.27907,1.093023
3.5,0.016003,10408.75,4.355385,0.444444,8.688889,0.888889
2.5,0.023314,18731.33333,4.379246,0.363636,7.204545,0.568182
3.5,0.033162,12620.35714,3.795847,0.530612,6.734694,0.55102
3,0.02971,19358.77778,4.210618,0.348837,8.325581,0.930233
3,0.022674,9175.22,4.155419,0.585366,8.365854,0.731707
3,0.012237,15915.83333,4.245699,0.485714,9.628571,0.914286
3,0.019267,19659.875,4.107359,0.408163,7.204082,0.877551
3,0.010692,14038.02222,4.511796,0.395833,7.5,0.666667
2.5,0.010668,23628.54839,4.382135,0.555556,8.361111,0.888889
3,0.012247,17096.02273,4.271915,0.574468,7.468085,0.87234
3,0.020537,11793.37209,4.175704,0.58,7.1,0.58
3.5,0.018085,8898.181818,4.048702,0.489796,8.795918,0.816327
4,0.015879,13378.56757,4.26877,0.555556,10,1.138889
3.5,0.025301,17210.82222,4.40661,0.564103,8.564103,1
3.5,0.025179,19412.85714,4.120518,0.541667,9.75,1.041667
4.5,0.017465,13670.07843,4.064275,0.54,9.56,1.12
3,0.019107,15558.85185,4.421289,0.431818,7.681818,0.386364
3,0.020653,17310.475,4.220942,0.5,8.96875,0.84375
4.5,0.030483,12900.31818,4.378286,0.567568,9.405405,1
3.5,0.014715,15114.83333,4.333836,0.482143,8.339286,0.767857
4,0.009812,21598.97059,4.328248,0.512821,8.333333,0.871795
4,0.023023,10655.77778,4.041355,0.486486,9.702703,0.837838
4.5,0.018218,15296.96,4.297406,0.555556,7.777778,0.703704
4,0.011702,12377.86207,3.992404,0.471698,10.584906,1.09434
4.5,0.022196,15218.92105,4.303776,0.642857,8.02381,0.738095
4,0.014048,16665,4.161521,0.444444,9.518519,0.833333
4,0.007528,15184.22222,4.091505,0.434783,9.478261,1.065217
3,0.016944,22482.5625,4.364512,0.653846,6.769231,0.769231
4.5,0.033842,19248.63636,4.126345,0.428571,11.02381,0.857143
4,0.03496,20398.91892,4.12887,0.413043,8.847826,0.782609
3.5,0.036245,15379.68628,4.154139,0.491525,8.474576,0.847458
3,0.023609,18239.13889,4.129875,0.483871,8.83871,0.677419
3.5,0.050737,22720.33333,4.148972,0.428571,10.428571,1
4,0.01522,20344.35294,4.052781,0.481481,13.259259,1.592593
3.5,0.03466,19400.54546,4.39367,0.555556,9.305556,1.111111
3.5,0.015745,16438.97059,4.384322,0.289474,9.026316,0.763158
4,0.016985,29896.5,4.330077,0.380952,13.285714,1.619048
3.5,0.007919,10455.65217,4.223669,0.54386,8.175439,0.614035
4,0.028822,15571.09524,4.538003,0.488889,9.488889,1.044444
4,0.021952,17115.72093,4.15361,0.372093,10.046512,1.116279
3.5,0.033679,18911.85294,4.148657,0.394737,10.684211,1.157895
4,0.018389,17166,4.235604,0.54,7.26,0.82
3.5,0.033403,18857.2069,4.290473,0.285714,10.371429,1.142857
4,0.032225,13870.40741,4.540334,0.3125,9.6875,0.78125
3.5,0.02554,9430.391304,4.023945,0.510638,9.829787,0.723404
4.5,0.025794,15020.10417,4.341668,0.384615,8.346154,0.75
4,0.017491,14259.87931,4.171512,0.508475,10,0.966102
3.5,0.023685,13172.89474,4.333605,0.545455,8.159091,0.568182
4,0.013788,14965,3.848681,0.448276,12,1.206897
3,0.018878,24161.96154,4.116775,0.53125,9.3125,0.9375
3.5,0.01688,18813.29412,4.029062,0.324324,9.054054,0.72973
3.5,0.02463,27251.51852,4.184413,0.55,9.575,1.025
3.5,0.016569,18614.2381,4.199597,0.42,7.76,0.62
4,0.023902,15530.67308,4.407428,0.509434,8.018868,1.018868
4,0.022341,10834.85417,4.242919,0.608696,9.543478,0.978261
4,0.019341,14545.75556,4.143212,0.54,8.28,0.72
4,0.016058,13102.4,4.049714,0.552632,7.394737,0.605263
4.5,0.016744,15441.7027,3.632657,0.382979,7.851064,0.829787
4.5,0.011492,20243.70968,3.877143,0.363636,10.787879,1.030303
5,0.013138,10889.68571,4.161728,0.477612,8.089552,0.701493
4.5,0.0247,9044.925926,4.247241,0.509434,7.660377,0.886792
5,0.03312,11651.16667,3.965543,0.466667,10.377778,1.111111
4,0.006002,19378.25,4.144334,0.416667,9.861111,0.611111
4,0.010366,15477.79167,3.719418,0.391304,14.043478,1.652174
4,0.024914,12455.73913,4.27209,0.538462,8.461538,0.942308
4,0.078809,28952.4,4.767233,0.484848,10.151515,0.939394
4.5,0.025732,8762.241379,4.260029,0.464286,9.017857,0.678571
4.5,0.018895,12559.45313,4.196756,0.594203,8.724638,0.826087
4.5,0.02788,19063.78049,4.340222,0.490196,8.176471,0.862745
4.5,0.032941,16554.79546,4.440335,0.305556,13.222222,1.194444
5,0.05009,16470.90476,4.26715,0.531915,8.489362,0.93617
5,0.027543,11751.13333,4.172856,0.414634,11.073171,1.243902
4.5,0.01641,13393.20588,4.090611,0.423729,6.864407,0.610169
4.5,0.008845,11541.7037,4.051184,0.459016,8.098361,0.819672
4.5,0.02659,20109.66667,4.31515,0.48,8.64,0.52
4.5,0.034527,8912.733333,3.842287,0.522727,10.909091,1.045455
4.5,0.036422,17957.325,4.153201,0.487805,10.853659,1.146341
4.5,0.005388,13162.4375,4.117048,0.342105,9.631579,0.894737
4.5,0.018452,19578.30556,4.296258,0.659574,9,1.085106
5,0.01824,17686.525,4.407798,0.434783,10.5,0.978261
4.5,0.010606,8082.777778,3.894302,0.488372,8.72093,0.813953
5,0.012133,13393.72549,4.175463,0.679245,9.90566,1.264151
5,0.013309,15627.04762,3.984404,0.525,9.075,1
4.5,0.029772,13229.85714,4.166198,0.454545,13.909091,1.454545
3.5,0.043308,16609.75,4.406146,0.5,11.615385,1.192308
4,0.019511,14590.81633,3.953498,0.488889,9.711111,0.711111
4.5,0.037474,26527.6,4.029538,0.585366,9.097561,1
5,0.024888,14789.72414,3.859158,0.513514,13.081081,1.756757
4.5,0.018242,19016.84091,4.42598,0.714286,7.142857,0.693878
4,0.017123,12752.41177,4.17053,0.490196,6.705882,0.54902
4.5,0.012264,16775.7561,3.837433,0.404762,8.5,0.690476
5,0.011495,11601.71429,4.256742,0.434783,7.724638,0.826087
4.5,0.024905,18233.61905,4.202918,0.659091,8.886364,0.886364
4.5,0.013351,12952.475,4.161097,0.55814,7.465116,0.581395
5,0.034457,19784.9375,4.123852,0.40625,12.65625,1.46875
4.5,0.021347,24932.79167,4.434433,0.434783,12.043478,1.434783
4.5,0.024454,18985.75676,4.281026,0.421053,9.605263,0.894737
3.5,0.036722,16018.45455,4.413583,0.510204,9.040816,0.755102
3,0.043388,22659.36364,4.332221,0.520833,10.6875,0.895833
3,0.011266,16900.03571,3.984992,0.428571,12.190476,1.095238
2,0.031551,24956.86667,3.961309,0.277778,9,0.444444
2.5,0.023938,23281.13333,4.393568,0.419355,8.935484,0.774194
2.5,0.016092,11830.56,4.176764,0.16129,12.354839,1.645161
3,0.0194,15050.27907,4.153145,0.444444,7.577778,0.8
4,0.012736,16413.70213,4.421057,0.352941,9.803922,0.901961
3,0.033128,14979.0625,4.309675,0.472222,10.916667,1.333333
2.5,0.011665,26210.42308,4.645907,0.555556,8.259259,0.814815
3.5,0.03197,19560.06061,4.302402,0.555556,11.444444,1.333333
3,0.012357,22263.9697,4.333261,0.581395,7.813953,0.744186
2,0.0278,16507.35135,4.180846,0.196078,7.019608,0.411765
3,0.023865,11308.30303,4.24929,0.421053,8.657895,0.710526
3,0.015956,14937.43333,4.285882,0.424242,11,1.30303
3,0.027427,19009.25714,4.202661,0.4,8.311111,0.533333
3,0.013722,9931.325,4.242069,0.545455,9.515152,0.575758
4,0.022733,19966.08108,4.022898,0.478261,8.065217,0.695652
3,0.020002,15391.05556,4.01032,0.424242,10.272727,0.909091
2,0.002989,21865.78571,3.82868,0.190476,11.142857,0.952381
2.5,0.022836,15836.4,4.12928,0.576923,8.807692,0.692308
3.5,0.030992,16528.87805,4.239866,0.531915,7.808511,0.744681
4,0.028997,19215.84849,4.241191,0.555556,10.388889,1.194444
3.5,0.028145,12098.61539,4.102741,0.310345,10.758621,1.310345
2.5,0.009204,24971.63636,3.978855,0.411765,8.529412,1.029412
3.5,0.035635,22763.1875,4.14384,0.470588,11.617647,1.235294
3.5,0.010974,15211.21154,4.403574,0.414634,9,0.731707
2.5,0.005259,1328.894737,3.781352,0.47619,10.380952,1.047619
4.5,0.022551,17345.68421,4.106102,0.485714,12.4,1.514286
3.5,0.023267,11083.06061,4.460687,0.441176,8.147059,0.823529
4.5,0.03316,14188.72,4.429716,0.466667,9.666667,0.916667
3,0.016942,11449.61364,4.045835,0.480769,9.211538,0.846154
3,0.027205,19539.81818,4.168977,0.44186,8.651163,0.581395
2.5,0.011034,18858.41936,3.971723,0.5,12.107143,1.214286
3,0.009346,24901.1875,4.044995,0.47619,10.809524,0.714286
3.5,0.027025,5387.75,4.101345,0.791667,7.291667,0.770833
3.5,0.004933,20260.6875,4.439678,0.486486,9.513514,1.054054
3,0.016309,19734.41667,4.326378,0.372093,9.790698,0.511628
4.5,0.012419,13988.76923,4.239256,0.238095,10.785714,0.928571
5,0.021074,14364.11364,4.31343,0.512821,10.230769,0.794872
3,0.023593,16441.64706,4.49047,0.542857,10.514286,1.4
4.5,0.058084,15342.58537,4.043157,0.473684,10.473684,1.105263
5,0.029638,8034.526316,4.151498,0.52381,6.587302,0.555556
2.5,0.013735,16615.27273,4.244023,0.467742,7.129032,0.774194
3.5,0.019881,21655.21875,4.084585,0.564103,9.846154,1.128205
3,0.015486,20648.72727,4.44187,0.428571,10.214286,1.25
3,0.023836,13103.32432,4.337049,0.571429,9.057143,0.657143
2.5,0.006976,10096.03226,3.871198,0.470588,11.794118,1.088235
3.5,0.019454,15728.10638,4.227846,0.490909,6.890909,0.654545
3.5,0.01633,17002.20408,4.305085,0.419355,6.774194,0.403226
4,0.025867,15903.91111,4.215944,0.625,7.232143,0.696429
2.5,0.023551,5637.677419,4.380338,0.612903,9.774194,1.16129
4.5,0.016192,15209.80952,4.30553,0.525,8.6,0.9
3,0.013716,17145.28947,4.137146,0.311111,8.466667,0.755556
5,0.0226,15743.93333,4.179785,0.509804,8.941176,1.019608
2.5,0.004261,6604.5,3.911187,0.833333,8.875,1.291667
3,0.015334,28054.20833,4.089908,0.275862,10,1.034483
2.5,0.030441,20829.03846,4.440881,0.258065,9.806452,1.064516
2,0.00922,23178.57143,3.948209,0.25,10.0625,0.8125
2.5,0.009887,27404.75,4.100221,0.333333,12.6,1.4
2.5,0.037035,9770.477273,4.074338,0.358491,7.169811,0.509434
2.5,0.029562,14069,4.025264,0.461538,11.384615,0.923077
1.5,0.002691,26570.47619,4.574028,0.644444,6.933333,0.933333
2.5,0.021537,15333.04546,3.834787,0.45,12.25,1.4
2.5,0.010043,29783.56522,3.943545,0.375,9.458333,0.875
3,0.013472,22418.08333,4.021218,0.452381,7.952381,0.738095
2.5,0.020175,13760.23333,4.015623,0.34,7.06,0.76
2,0.009684,20352.93939,4.092819,0.391304,8.021739,0.630435
2.5,0.021194,16958.2973,4.299542,0.244444,8.288889,0.644444
2,0.025388,29214.1875,4.045671,0.533333,10.2,0.866667
2.5,0.006992,35191.5,4.266089,0.375,8.416667,1
1,0.02166,56021.45455,4.661904,0.307692,7.230769,0.846154
3,0.015146,19918.16667,4.071734,0.25,12.5,1.214286
2,0.029108,21094.51515,4.387747,0.282051,8.051282,0.717949
3,0.004743,27439.03448,4.268101,0.311111,8.977778,0.866667
2.5,0.015169,21317.16129,3.866734,0.34375,12.40625,1.28125
3.5,0.02391,11719.13889,4.007511,0.255814,8.697674,0.883721
3,0.005091,15414.73913,3.787684,0.538462,10.807692,1.192308
2.5,0.000834,33467.375,4.373586,0.35,17,1.85
3,0.006979,19782.6875,4.090256,0.475,9,0.95
2.5,0.013019,15498.125,4.320454,0.411765,8.058824,0.764706
2,0.016013,20007.71429,3.883609,0.615385,8.282051,0.589744
2,0.004994,29149,3.511779,0.363636,10.121212,0.909091
3,0.017287,12491.67742,3.975632,0.344828,10.137931,0.586207
2,0.021614,19804.59091,4.060859,0.409091,8.318182,0.909091
2,0.014639,19387.77273,4.501824,0.263158,10.105263,0.736842
3,0.017737,21766.84615,4.273927,0.428571,10.035714,0.928571
2,0.008385,20570.65385,4.390686,0.222222,11.518519,1
3,0.006503,9409.083333,4.071437,0.586207,9.931034,0.931034
2,0.012338,20171.44828,4.026069,0.4,9.228571,1
2.5,0.009358,4742.363636,4.007598,0.208333,8.625,0.625
2.5,0.023148,16327.21739,3.957156,0.458333,10.416667,1.208333
1.5,-0.001716,10377.80769,4.341761,0.194444,7.138889,0.611111
2,0.019505,19658.13636,4.27468,0.357143,9.071429,0.857143
3,0.033489,25398.2,3.754027,0.3,15.95,1.05
3,0.022543,5879.3,3.801296,0.294118,9.411765,1.176471
3,0.019278,24342.89286,4.257537,0.580645,12.451613,1.354839
3,0.021345,13192.94444,3.862081,0.333333,7.833333,0.645833
2.5,0.01692,21324.31818,4.121944,0.352941,10.529412,1.117647
3,0.010961,16884,3.960611,0.451613,11.258065,0.935484
2.5,0.01435,19462.77778,3.976021,0.25,16.9375,1.5625
2,0.026557,32849.77778,4.191969,0.47619,10.380952,1.238095
3,0.016189,18909.81081,4.438209,0.347826,7.891304,0.717391
2.5,0.012101,15101,4.157383,0.25,10.875,1.041667
3.5,0.014597,12028.8125,4.13858,0.566667,12.533333,1.3
3.5,0.03287,11643.77419,4.005396,0.310345,10.517241,0.931034
3,0.032531,11961.04546,3.939989,0.192308,12.346154,1.730769
3,0.010181,18370.10526,3.998898,0.47619,8.547619,0.690476
3,0.03316,27155,4.37808,0.423077,10.538462,0.884615
2.5,0.011638,12507.9375,3.994696,0.333333,9.083333,0.972222
3,0.01774,12445.25,3.947774,0.321429,6.428571,0.5
3,0.031159,12089.18919,3.855331,0.391304,7.478261,0.586957
4,0.027018,21038.27273,4.021569,0.425,9.475,0.925
3,0.028289,16584.75,3.78964,0.5,8.588235,0.735294
3,0.030439,10251.30769,3.690362,0.393939,9.545455,0.575758
3,0.065275,26921.6,4.149275,0.5625,9.59375,0.90625
2.5,0.006777,27180.53333,3.953273,0.526316,12.578947,1.578947
3,0.016083,5819.282051,3.913665,0.574468,7.234043,0.510638
3,-0.001425,18214.05556,3.84855,0.516129,8.451613,1.225806
3,0.036248,12942.87879,4.304937,0.333333,10.592593,1.333333
3,0.023914,20183.21429,3.961482,0.333333,12.666667,1.555556
3.5,0.044115,21840.06897,4.248573,0.2,8.525,0.825
3,0.04142,13785.34783,3.659406,0.3,9.233333,0.966667
2,0.020331,15989.83784,4.22292,0.529412,7.686275,0.627451
3.5,0.010053,21925.28571,4.068866,0.357143,11.75,1.357143
3,0.020585,16107.65385,4.199514,0.172414,9.827586,0.827586
3,0.008864,22745.17857,4.355973,0.461538,9.192308,1.115385
3,0.003426,38969.2,3.668374,0.15,10.65,0.9
4,0.020198,18977.65517,4.266491,0.382353,11.764706,1.470588
3,0.032628,6588.47619,3.799533,0.62963,8.037037,0.814815
3.5,0.027425,11935.125,3.980811,0.428571,10.342857,1.114286
4.5,0.021637,20493.16129,3.845361,0.358974,10.641026,0.923077
3,0.021589,21376.60526,4.000845,0.34,7.68,0.56
3.5,0.013832,18825.03333,4.042962,0.285714,9.690476,0.880952
3.5,0.037393,17781.16667,3.980371,0.315789,14.736842,1.526316
4.5,0.019387,20027,3.895011,0.26087,7.826087,0.608696
3.5,0.003643,22402.11539,4.260951,0.142857,11.464286,0.964286
3,0.033359,26315.33333,4.325497,0.444444,13.388889,1.611111
3.5,0.01587,17609.85366,4.230694,0.363636,9.863636,1.068182
3.5,0.023085,11867.65455,4.092858,0.467742,8.322581,0.66129
3.5,0.011336,18225.11429,4.239238,0.322581,10.129032,0.677419
3.5,0.027917,25798.07692,4.011301,0.275862,11.551724,1.551724
3.5,0.006304,2412.96,3.548503,0.30303,10.424242,1.181818
3,0.021553,11909,3.920785,0.448276,9.62069,1.172414
3.5,0.043032,20852.97222,3.908702,0.473684,10.447368,1.105263
3.5,0.021341,25677,4.362075,0.421053,9.210526,1.078947
3.5,0.04118,20477.3125,4.363716,0.225806,9.354839,0.774194
3,0.036867,16474.26667,4.143164,0.333333,11,0.962963
3.5,0.01862,18716,4.293822,0.4,13.55,1.2
4,0.029508,12339.46154,4.452921,0.266667,11.566667,1.4
4,0.02417,27663.13044,4.336936,0.314286,9.285714,1.114286
4,0.021864,19521.08571,3.640739,0.431818,9.704545,1.136364
3.5,0.009181,17659.71795,4.199678,0.264706,9.617647,0.852941
4,0.05026,13068.10526,4.320291,0.448276,11.172414,0.862069
3.5,0.00892,32991.22727,4.193302,0.466667,11,1.266667
3.5,0.016973,13008.06667,3.567632,0.484848,10.151515,0.848485
3.5,0.019152,26802.6087,4.389455,0.25,12.25,1.583333
3.5,0.019042,20581.96667,4.098602,0.37931,10.551724,1.068966
4.5,0.043372,19905.63158,4.18215,0.44,9.86,0.76
3,0.028196,27446.75,4.660256,0.454545,12.227273,1.5
3,0.026727,16399.55,4.206301,0.475,9.05,1.025
4,0.018146,15983.8,4.092428,0.530303,7.681818,0.772727
3.5,0.020716,19755.12121,4.178384,0.526316,8.868421,0.605263
4,0.003961,23336.27586,4.187337,0.40625,10.75,1.09375
3.5,0.02511,15369.0303,3.99782,0.590909,8.727273,0.886364
4,0.050581,25760.68966,4.174087,0.333333,9.939394,0.878788
3.5,0.032215,17378.04762,4.305052,0.416667,7.541667,0.875
5,0.03141,20649.97143,3.884687,0.314286,11.771429,1.228571
5,0.024566,15739.52174,3.934419,0.52381,12.309524,1.261905
5,0.01882,16438.76923,3.735177,0.255814,9.348837,0.767442
4.5,0.031119,24730.67857,4.109537,0.390244,10.512195,0.902439
5,0.032082,24432.46154,4.248699,0.205882,12.647059,1.235294
4,0.018223,22578.85294,4.337189,0.210526,9.842105,0.921053
4.5,0.023622,13683.86957,3.989483,0.375,8.84375,0.875
4.5,0.017224,12216.52941,3.566692,0.5,10.434783,1.065217
5,0.044596,10775.53846,3.962694,0.527778,13.361111,1.638889
4,0.050847,21790.64286,4.116923,0.310345,14.068966,1.413793
4,0.028874,22187.24138,4.272144,0.371429,10.171429,0.914286
5,0.039055,15030.69811,3.881562,0.393443,10.836066,1.114754
4,0.014101,23833.0625,4.236319,0.333333,11.166667,1.4
5,0.05209,25249.09091,3.81312,0.285714,11.257143,1.257143
4,0.022311,14271.25,3.715624,0.285714,11.2,1.285714
4,0.030459,22239.5,4.228153,0.40625,10.375,1.03125
5,0.019232,17154.05405,3.714566,0.411765,13,1.470588
4,0.035909,24940.24242,4.363771,0.461538,12.807692,1.346154
4.5,0.0178,18236.77143,4.074101,0.351351,12.702703,1.378378
3.5,0.034819,19139.54762,4.155882,0.5,8.407407,0.611111
4,0.039116,24486.67742,3.902294,0.324324,9.918919,1.135135
5,0.052144,18132.94118,3.848173,0.319149,11.914894,0.957447
4,0.035946,15676.70455,4.052791,0.418605,9.093023,0.883721
5,0.0123,12763.7,4.032094,0.295082,8.327869,0.590164
5,0.03563,11840.70588,4.112136,0.485714,10.457143,1.285714
5,0.020862,20999.6,4.448551,0.288889,9.622222,1.133333
4,0.019235,28432.31579,3.821877,0.464286,11.607143,1.607143
4,0.019832,15511.51111,3.781729,0.35,6.9,0.666667
5,0.033997,23313.76,4.082026,0.095238,20.380952,2.952381
3.5,0.010727,5064.037037,3.788153,0.44,11.6,1.24
5,0.030683,29092.94737,4.185263,0.153846,15.807692,2.153846
5,0.025719,10646.42857,4.26788,0.456522,9.826087,0.847826
4,0.006391,10334.5,4.17362,0.418182,8.636364,0.763636
3.5,0.02291,14087.72093,4.107276,0.326087,9.23913,1
5,0.021912,21494.39394,3.912399,0.411765,10.441176,0.882353
4.5,0.027557,18620.77143,4.153936,0.368421,9.605263,0.815789
4.5,0.013435,22284.73333,4.427359,0.344828,12.241379,1.62069
4,0.022134,18796.84211,4.164001,0.444444,10.027778,1.027778
4.5,0.051752,15061.11539,3.8825,0.32,14.32,1.48
4.5,0.025436,19726.72222,4.184333,0.309524,10.404762,0.928571
5,0.029731,22335.64,4.150398,0.371429,10.657143,1.314286
5,0.01824,17078.8,4.179325,0.294118,10.823529,0.941176
4.5,0.040803,11027,4.117239,0.473684,12.263158,1.421053
4.5,0.011503,19007.64706,4.15483,0.514286,12.085714,1.171429
4.5,0.040867,22673.96875,4.224901,0.228571,11.457143,0.771429
5,0.03293,20952.47059,3.894273,0.580645,13.290323,1.483871
4.5,0.031707,16849.575,4.081154,0.511111,10.422222,0.844444
3,0.006955,10798.05263,3.898891,0.318182,8.454545,0.636364
3.5,0.014419,9891.651163,3.663934,0.292683,9.097561,0.97561
4.5,0.023402,6684.925926,4.185999,0.272727,14.272727,1.636364
4,0.01958,22266.14286,3.87274,0.333333,15.125,1.541667
4,0.012056,11862.08108,3.750304,0.4,8.511111,0.6
3.5,0.029947,20162.4375,3.6602,0.291667,14.666667,1.791667
4,0.025473,12154.44828,3.960988,0.25,10.818182,1.181818
4.5,0.04131,13090.39394,3.873828,0.548387,11.16129,1.387097
3.5,0.008698,14540.34375,4.052831,0.322581,12.419355,1.387097
2.5,0.022804,36095.88235,3.985947,0.25,11.25,1.25
2,0.024427,19937.26667,3.785313,0.473684,10.789474,1.052632
3.5,0.038892,6430.483871,3.869905,0.34375,11.03125,1.0625
4,0.016892,12700.51515,3.915635,0.46875,11.9375,1.0625
3,0.025828,13351.23077,3.755252,0.48,10.84,1.04
3,0.008903,14184.54348,3.890446,0.276596,7.893617,0.765957
3.5,0.01782,15984.11111,4.017038,0.302326,10,0.883721
3,0.01347,13961.22222,3.865047,0.384615,8.512821,0.794872
4,0.011566,13107.13333,4.018286,0.47619,8.428571,0.785714
2,0.048195,25033.94118,4.189628,0.526316,9.052632,0.789474
2.5,0.026539,21478.74074,4.158452,0.333333,10.037037,0.851852
4,0.007964,11026.5,3.994514,0.313725,7.901961,0.54902
3.5,0.024586,20326.52632,4.139969,0.28,10.72,0.92
3,0.022161,7907.95,3.735309,0.48,10.84,1.04
4,0.015877,26612,4.037656,0.285714,13.642857,1.428571
3.5,0.020234,17101.1579,4.031828,0.3125,10.90625,1.125
4,0.038429,19202.08571,4.174004,0.421053,10.184211,0.921053
3,0.029716,20924.09677,4.335105,0.404762,7.47619,0.690476
5,0.018809,12188.81967,4.384341,0.258621,11.431034,0.982759
4.5,0.025189,4031.21875,3.741285,0.352941,12,0.970588
3.5,0.019609,17317.46342,3.946917,0.489796,9.061224,1.081633
2,0.016108,24320.73333,4.302005,0.295455,7.454545,0.636364
4,0.013601,23688.26087,4.060499,0.25,10.15625,1.0625
2.5,0.025181,20661.94118,4.045964,0.6,11.333333,1.2
3,0.02754,16254.08571,4.202214,0.333333,10.076923,0.948718
3,0.009076,15721.21875,4.035164,0.527778,7.527778,0.944444
4.5,0.023338,18027.03125,4.147655,0.28125,10.78125,1.15625
3,0.007763,15280.30435,4.045989,0.393939,10.666667,1.333333
4,0.021714,14126.96667,4.033972,0.26087,8.043478,0.608696
3.5,0.006106,25365.91304,3.816989,0.363636,10.818182,1.227273
3,0.017618,5162.84,3.932106,0.366667,10.2,0.833333
4.5,0.030381,28624.2,4.074029,0.323529,11.147059,1.058824
4,0.023132,12842.1875,3.961962,0.294118,11.441176,1.176471
4.5,0.018288,19684.39394,3.945002,0.428571,9.8,0.8
3.5,0.027872,23249.5625,4.143943,0.4375,11.15625,1.15625
3,0.012272,21038.8,4.144595,0.37931,11.413793,1.034483
2,0.025536,34893.85714,4.109404,0.48,9.76,0.8
4,0.038936,13892.85294,4.122593,0.227273,8.340909,0.75
3,0.02623,15897.56757,4.375838,0.30303,10.969697,0.878788
5,0.018951,22307.78788,4.203605,0.413793,13,1.551724
4.5,0.017272,13768.31429,3.838466,0.386364,11.977273,1.181818
5,0.023623,25562.64,3.929234,0.377778,8.933333,1.066667
3.5,0.008336,16732.02326,4.198539,0.378378,10.189189,0.864865
4.5,0.005339,21009.28125,3.889421,0.344828,12.068966,1.137931
5,0.018393,17719.25581,4.063603,0.409091,9.931818,1.113636
3.5,0.036426,14375.65517,4.352182,0.68,11.04,1.4
4,0.019718,18225.57895,4.082298,0.567568,9.945946,0.72973
2,0.014356,34366.55556,3.855545,0.368421,8.263158,0.789474
3,0.018423,14072.18868,4.000926,0.189655,9.913793,0.62069
3.5,0.021861,15183.27586,3.987971,0.515152,9.939394,0.878788
2,0.008507,23704.2,3.765348,0.6,10.3,1.35
4,0.016385,11796.65714,3.925736,0.42,9.42,0.92
4.5,0.036256,15487.37838,3.968213,0.229167,9.416667,0.729167
3,0.022688,15030.14706,4.189419,0.348837,8.325581,0.604651
3,0.030498,16841.31818,4.082574,0.583333,10.208333,1.458333
3,0.046959,1101.166667,3.731708,0.483871,9.548387,0.774194
2.5,0.045532,23073.13044,4.172292,0.428571,9.75,0.892857
4.5,0.018546,14791.7381,4.089921,0.481481,7.018519,0.962963
2,0.005193,15852.03125,4.399386,0.264706,9.264706,0.941176
3,0.034931,33750.25,3.958132,0.428571,9.178571,0.857143
3.5,0.034591,23530.78571,4.098152,0.357143,11.25,1.5
3.5,0.022203,20074,4.307364,0.354839,10.290323,0.677419
3.5,0.021761,10586.12121,3.779707,0.204545,8.977273,0.795455
5,0.011716,13535.6,3.952057,0.529412,12.147059,1.588235
4.5,0.012063,23360.28571,4.184429,0.393939,11.030303,1.242424
4.5,0.042804,21537.23333,4.095714,0.3125,10.71875,1.15625
4.5,0.037492,16869.77273,3.796623,0.407407,9.425926,0.981481
4,0.006267,9758.810345,4.073078,0.333333,8.133333,0.866667
1,0.02918,14513.16667,4.196636,0.333333,10,1.444444
2.5,0.021456,17969.33333,4.133533,0.5,8.421053,0.736842
4,0.013512,27529.52,3.932011,0.410256,9.333333,1
5,0.02967,21752.5625,4.10486,0.433333,10.6,1.2