Participant,n_words_PTJ,Classic_1K_Tokens_PTJ,Classic_2K_Tokens_PTJ,Classic_AWL_Tokens_PTJ,MRC_Concreteness_AW_PTJ,MRC_Concreteness_CW_PTJ,SUBTLEXus_Range_AW_PTJ,SUBTLEXus_Range_CW_PTJ,n_words_SMK,Classic_1K_Tokens_SMK,Classic_2K_Tokens_SMK,Classic_AWL_Tokens_SMK,MRC_Concreteness_AW_SMK,MRC_Concreteness_CW_SMK,SUBTLEXus_Range_AW_SMK,SUBTLEXus_Range_CW_SMK
W_CHN_001_B1_1,262,0.875,0.044117647,0.058823529,309.0458716,368.2685185,6023.525896,4404.553957,220,0.776255708,0.136986301,0.02739726,307.637931,386.1,5783.733645,3783.228814
W_CHN_002_B1_1,201,0.901477833,0.02955665,0.064039409,295.741573,342.8409091,6074.050251,4233.293578,299,0.828282828,0.117845118,0.026936027,291.092827,360.6435644,5863.631399,3956.668919
W_CHN_003_B1_1,236,0.916666667,0.029166667,0.0375,321.1570681,384.7647059,5901.63964,4448.389313,255,0.787401575,0.153543307,0.003937008,319.679803,380.8055556,5615.510204,3960.38255
W_CHN_004_B1_2,266,0.915750916,0.029304029,0.043956044,306.5478261,355.5470085,6536.612648,5183.828571,236,0.829059829,0.136752137,0.004273504,312.25,387.4574468,5964.834783,4233.417323
W_CHN_005_B1_2,223,0.862222222,0.057777778,0.062222222,300.0631579,361.4545455,5976.165899,4337.395161,214,0.75,0.150943396,0.056603774,309.5731707,377.7439024,5356.322115,3564.728
W_CHN_006_B1_2,214,0.917050691,0.036866359,0.036866359,303.3763441,356.0571429,6375.492611,5108.447154,241,0.844537815,0.121848739,0.004201681,296.490099,352.3490566,5951.812766,4490.433824
W_CHN_007_B1_1,216,0.882352941,0.036199095,0.076923077,301.9052632,360.2444444,6171.874396,4395.019048,208,0.752427184,0.097087379,0.072815534,275.1208054,326.359375,5130.660194,2954.852174
W_CHN_008_B1_2,234,0.879166667,0.025,0.058333333,298.1370558,359.5301205,6457.114537,4570.934579,222,0.793577982,0.165137615,0.009174312,319.4230769,398.8809524,6093.142857,4333.044643
W_CHN_009_B1_2,224,0.896551724,0.038793103,0.060344828,297.2887701,364.1222222,5896.261682,4146.513514,209,0.807692308,0.120192308,0.028846154,306.3117647,378.9166667,5282.004808,3284.764706
W_CHN_010_B1_1,201,0.907317073,0.019512195,0.068292683,301.5393258,347.1829268,6355.888325,4642.3,242,0.832635983,0.09623431,0.016736402,301.4568528,368.2272727,5638.799163,3533.039683
W_CHN_011_B1_1,211,0.874418605,0.013953488,0.079069767,304.3854749,351.2421053,6227.838235,4803.3,240,0.770212766,0.161702128,0.021276596,327.3367876,386.3333333,5487.770213,3717.557971
W_CHN_012_B1_1,218,0.909502262,0.027149321,0.054298643,302.8508287,345.9375,6247.411483,4610.88785,262,0.776923077,0.103846154,0.026923077,302.0735294,375.8888889,5544.714286,3413.308824
W_CHN_013_B1_2,228,0.829059829,0.055555556,0.094017094,308.6783626,381.0581395,5242.579439,3409.059322,253,0.744,0.136,0.016,293.0053191,361.2771084,5407.656904,3311.022901
W_CHN_014_B1_2,257,0.847908745,0.045627376,0.076045627,296.0330189,367.8085106,5723.540323,3507.222222,246,0.734939759,0.108433735,0.060240964,300.2765957,373.6,5414.045455,3483.640845
W_CHN_015_B1_2,219,0.846491228,0.043859649,0.087719298,302.9719101,371.7901235,6152.22488,4386.690909,228,0.792951542,0.140969163,0.013215859,303.5141243,373.4230769,5401.139013,3145.747899
W_CHN_016_B1_2,231,0.932773109,0.012605042,0.054621849,290.4356436,342.029703,6546.482143,5223.151261,253,0.793650794,0.158730159,0.007936508,305.6495327,372.1284404,5929.96,4261.865248
W_CHN_017_B1_1,249,0.904761905,0.035714286,0.047619048,287.4333333,343.5333333,6596.839506,4956.008264,215,0.795238095,0.147619048,0.014285714,300.1299435,367,5686.293839,3793.635593
W_CHN_018_B1_2,198,0.87755102,0.056122449,0.056122449,309.0730337,370.4615385,6673.471795,5376.06422,192,0.764705882,0.13368984,0.016042781,308.4929577,372.3478261,5184.489247,3253.845455
W_CHN_019_B1_2,280,0.896193772,0.038062284,0.048442907,317.3090909,391.5181818,5564.939623,3686.157895,289,0.835664336,0.115384615,0.01048951,305.9578059,378.2912621,5911.427562,3791.722222
W_CHN_020_B1_1,225,0.904347826,0.043478261,0.052173913,291.4397906,352.6235294,6405.645455,4762.138889,204,0.789215686,0.142156863,0.019607843,306.7080745,394.3333333,5629.77451,3476.361111
W_CHN_021_A2_0,214,0.886363636,0.05,0.054545455,306.9337017,379.2289157,6012.689655,4084.300971,208,0.850241546,0.106280193,0.004830918,308.0223464,377.5949367,6198.791262,4248.952381
W_CHN_022_A2_0,204,0.913043478,0.043478261,0.033816425,306.6309524,353.8,6344.641414,4982.973684,211,0.825471698,0.132075472,0.009433962,323.2159091,422.6447368,6033.32381,3984.280374
W_CHN_023_B1_1,234,0.865546218,0.058823529,0.050420168,318.2473684,382.4222222,5533.279476,3441.133333,209,0.803827751,0.138755981,0.028708134,310.9822485,419,5855.620192,3439.094737
W_CHN_024_A2_0,215,0.904545455,0.036363636,0.054545455,299.9021739,350.1555556,6412.666667,5018.877358,203,0.806930693,0.158415842,0.014851485,308.2666667,378.8961039,5996.109453,4244.926606
W_CHN_025_B1_1,223,0.92920354,0.026548673,0.030973451,294.2356021,340.1914894,6565.888889,5348.157895,201,0.855,0.105,0.015,297.9268293,376,6190.83,4255.24
W_CHN_026_A2_0,206,0.938679245,0.014150943,0.04245283,311.4825581,381.6666667,5967.188776,4129.349057,227,0.791111111,0.16,0.008888889,310.8555556,391.5,5789.700893,3825.131148
W_CHN_027_B1_1,217,0.883928571,0.03125,0.075892857,306.0054054,345.212766,6232.990338,4723.086957,206,0.775609756,0.180487805,0.014634146,315.1314286,378.4090909,5669.17734,3710.657895
W_CHN_028_B2_0,214,0.886363636,0.040909091,0.059090909,299.4382022,358.5617978,6043.534314,4536.46789,284,0.775438596,0.161403509,0.01754386,301.2421525,393.3505155,5284.539568,2812.849315
W_CHN_029_B1_1,202,0.883495146,0.033980583,0.063106796,298.3641975,362.6133333,5833.276923,3969.679612,203,0.791044776,0.149253731,0.004975124,309.6477987,380.1351351,5489.870647,3473.3125
W_CHN_030_B1_2,218,0.872246696,0.04845815,0.070484581,306.5337079,351.4044944,6625.683168,5466.818182,206,0.867647059,0.112745098,0,298.4060606,373.4347826,5935.169154,3848.019417
W_CHN_031_B1_1,220,0.917748918,0.017316017,0.051948052,303.8510638,353.5247525,6609.184466,5487.5,210,0.741784038,0.136150235,0.03286385,305.7100592,387.6081081,5645.533981,3387.95283
W_CHN_032_B1_1,225,0.903508772,0.043859649,0.048245614,312.3457447,360.412844,5938.600917,4717.065217,228,0.795555556,0.142222222,0.017777778,309.147541,380.3068182,5730.837838,3754.237705
W_CHN_033_B1_2,203,0.883495146,0.033980583,0.063106796,305.7928994,369.7228916,5862.955,4052.946429,210,0.819047619,0.138095238,0.014285714,317.0965909,400.6626506,5809.880952,3836.791304
W_CHN_034_B1_1,210,0.892018779,0.028169014,0.046948357,300.1104972,357.9318182,6169.123153,4476.207207,207,0.768472906,0.128078818,0.039408867,303.5935484,365.3285714,5310.584158,3196.844828
W_CHN_035_B1_1,224,0.894736842,0.030701754,0.048245614,292.0899471,352.0357143,6066.127854,4071.354545,243,0.819672131,0.110655738,0.016393443,301.62,383.4761905,6025.987342,3826.576271
W_CHN_036_B1_1,206,0.863207547,0.051886792,0.056603774,286.2264151,350.734375,6020.345,4074.54902,231,0.805194805,0.121212121,0.025974026,298.9736842,377.804878,5756.039823,3519.75
W_CHN_037_B1_1,221,0.887387387,0.045045045,0.054054054,303.6936416,365.3194444,5933.09434,3876.451923,208,0.782608696,0.120772947,0.038647343,286.5197368,347.2173913,4893.155,2695.947368
W_CHN_038_A2_0,202,0.933014354,0.019138756,0.043062201,323.7719298,377.7010309,6193.80829,4889.840336,216,0.821596244,0.098591549,0.03286385,303.3068182,361.7176471,5827.924171,4056.191667
W_CHN_039_A2_0,211,0.902325581,0.013953488,0.055813953,299.1783784,361.011236,6541.99505,5005.6,210,0.814285714,0.128571429,0.00952381,309.9318182,383.475,5917.409524,3937.168142
W_CHN_040_B1_1,250,0.861660079,0.059288538,0.059288538,300.5693069,368.9673913,5683.252066,3531.696,291,0.794425087,0.12195122,0.020905923,313.7876106,373.9,5632.911972,3842.771605
W_CHN_041_A2_0,231,0.936170213,0.025531915,0.034042553,308.6884422,361.7924528,6170.766055,4740.459677,204,0.810679612,0.165048544,0.004854369,328.6242775,407.2261905,6063.795,4268.218182
W_CHN_042_B1_1,251,0.853754941,0.043478261,0.075098814,307.872549,370.0480769,5572.623967,3788.029197,230,0.752173913,0.139130435,0.043478261,309.5789474,386.3670886,5345.77027,3353.704
W_CHN_043_B1_1,219,0.877729258,0.021834061,0.074235808,315.4342857,370.1264368,5822.864078,3962.5,218,0.740566038,0.169811321,0.033018868,328.5090909,400.7407407,5378.85782,3375.729508
W_CHN_044_A2_0,297,0.885993485,0.039087948,0.061889251,313.8059072,385.5982143,6157.909091,4539.63522,279,0.77173913,0.155797101,0.036231884,301.9363636,383.8484848,5479.443223,3273.208054
W_CHN_045_A2_0,232,0.905579399,0.030042918,0.055793991,328.1919192,376.6779661,5741.774892,4437.938356,203,0.778894472,0.155778894,0.015075377,329.1939394,386.8191489,5748.076923,4384.545455
W_CHN_046_A2_0,212,0.890410959,0.0456621,0.063926941,311.747191,367.3555556,6056.143564,4361.678571,282,0.842857143,0.1,0.025,316.9330544,387.6019417,6254.978571,4330.098592
W_CHN_047_B1_1,258,0.942965779,0.015209125,0.034220532,304.4855769,354.2232143,6067.95102,4663.806897,183,0.712707182,0.182320442,0.038674033,316.0839695,405.65,4885.554945,2689.675926
W_CHN_048_B1_1,235,0.877637131,0.046413502,0.063291139,315.8205128,359.8898305,5905.80531,4794.013423,216,0.837209302,0.097674419,0.018604651,310.4913295,355.6875,5506.451923,3987.766917
W_CHN_049_A2_0,218,0.928571429,0.022321429,0.049107143,309.1164021,380.3111111,6461.312796,4877.763636,207,0.752427184,0.174757282,0.009708738,312.2228916,387.5512821,5697.034653,3741.491228
W_CHN_050_A2_0,201,0.86407767,0.033980583,0.097087379,309.8855422,365.6666667,5868.876289,4450.144144,202,0.831683168,0.123762376,0.014851485,310.7125749,392.8181818,5985.77,4096.805556
W_CHN_051_B1_2,217,0.881057269,0.030837004,0.070484581,308.2625698,367.1978022,5952.55665,4267.263158,228,0.782222222,0.133333333,0.022222222,315.0883978,377.0860215,5646.199095,4066.34375
W_CHN_052_B1_1,215,0.888372093,0.03255814,0.051162791,294.5698324,351.925,5911.707547,3894.141593,223,0.789237668,0.130044843,0.040358744,309.7663043,375.617284,5984.977064,4042.4
W_CHN_053_B1_1,224,0.927038627,0.008583691,0.055793991,295.9776536,350.2043011,6474.459716,5181.122951,216,0.739726027,0.173515982,0.01369863,318.8653846,424.515625,5248.366667,2978
W_CHN_054_B1_1,212,0.885321101,0.064220183,0.04587156,307.0384615,362.8275862,6316.969849,4574.413462,258,0.794573643,0.131782946,0.007751938,302.4223301,386.8222222,5844.370968,3794.744186
W_CHN_055_A2_0,230,0.858974359,0.051282051,0.05982906,294.7307692,344.0689655,5686.772321,3748.095238,264,0.819923372,0.122605364,0.022988506,329.3990826,401.1327434,5814.143411,4226.621622
W_CHN_056_B1_1,229,0.884615385,0.042735043,0.05982906,302.8134715,371.2,5974.773756,4017.649573,210,0.779904306,0.110047847,0.043062201,316.877193,393.9756098,5693.495192,3809.218487
W_CHN_057_B1_1,260,0.917293233,0.045112782,0.033834586,296.2247706,350.7807018,6262.801587,4875.659722,223,0.802690583,0.156950673,0.013452915,301.8839779,372.4252874,5709.206278,3865.66129
W_CHN_058_A2_0,207,0.927536232,0.038647343,0.028985507,306.3681319,351.5566038,6435.43,5441.090909,215,0.813084112,0.140186916,0.009345794,317.8068182,371.4545455,5784.105263,4381.062016
W_CHN_059_A2_0,203,0.902912621,0.029126214,0.058252427,305.4519774,353.6046512,6149.954082,4476.336449,209,0.790243902,0.12195122,0.019512195,323.2839506,385.8764045,5342.542714,3608.419355
W_CHN_060_B1_1,208,0.888372093,0.03255814,0.065116279,311.8934911,369.75,6057.25641,4482.486486,222,0.813636364,0.145454545,0.013636364,312.6451613,369.6391753,5532.916667,3640.134921
W_CHN_061_A2_0,217,0.888888889,0.050925926,0.050925926,315.6276596,378.7326733,5889.493023,4328.2,223,0.780821918,0.146118721,0.00913242,304.8212291,384.8333333,5578.40553,3603.764706
W_CHN_062_B1_1,263,0.838461538,0.069230769,0.080769231,322.3169643,386.8319328,5465.784615,3530.418301,257,0.782101167,0.116731518,0.054474708,320.0878049,413.0470588,5665.73622,3249.824427
W_CHN_063_B1_1,233,0.904564315,0.01659751,0.078838174,312.3350254,362.3465347,6501.430493,5297.569106,215,0.800925926,0.138888889,0.023148148,301.8011364,376.012987,5946.928571,3942.390476
W_CHN_064_A2_0,266,0.921933086,0.033457249,0.033457249,303.2510638,356.5853659,6397.440154,5050.020548,214,0.775700935,0.154205607,0.014018692,315.045977,375.1075269,5618.603865,3947.211382
W_CHN_065_A2_0,210,0.880733945,0.032110092,0.082568807,327.591954,387.1176471,5653.69802,4254.90625,202,0.786069652,0.144278607,0.014925373,327.3592814,404.8441558,5800.115,3698.027523
W_CHN_066_A2_0,208,0.892523364,0.037383178,0.056074766,296.8146067,349.4482759,6290.376238,4727.485981,221,0.785388128,0.141552511,0.02283105,298.4742857,365,5799.910798,3835.307018
W_CHN_067_B1_1,208,0.876146789,0.032110092,0.064220183,304.3727811,370.6,5811.912821,4024.160714,211,0.76635514,0.144859813,0.023364486,298.5365854,364.472973,5383.121359,3166.097345
W_CHN_068_B1_1,271,0.911764706,0.033088235,0.047794118,309.6205357,369.5185185,5842.519841,3995.875,309,0.783606557,0.104918033,0.049180328,311.5494071,389.2436975,5451.170569,3307.375758
W_CHN_069_B1_1,203,0.885714286,0.038095238,0.071428571,303.1609195,343.4631579,6333.158163,5155.824561,216,0.779342723,0.136150235,0.014084507,318.8722222,376.8979592,5909.559242,4364.798387
W_CHN_070_B1_1,209,0.923809524,0.00952381,0.057142857,302.0402299,364.0114943,6155.52657,4638.094017,206,0.779411765,0.161764706,0.014705882,317.8433735,403.9189189,5636.612745,3489.036697
W_CHN_071_A2_0,205,0.881516588,0.028436019,0.071090047,303.5680473,355.9770115,5891.712821,4247.810811,256,0.781746032,0.142857143,0.01984127,317.8815166,383.3173077,5555.171315,3582.361111
W_CHN_072_A2_0,210,0.897674419,0.03255814,0.055813953,317.9779006,383.686747,5936.704434,3724.952381,217,0.800925926,0.115740741,0.037037037,300.0946746,358.0897436,5648.00939,3667.605042
W_CHN_073_B1_1,243,0.859504132,0.041322314,0.08677686,315.453271,355.519084,5596.446352,4140.626667,216,0.802816901,0.136150235,0.023474178,333.2285714,413.1477273,5902.622642,4231.081301
W_CHN_074_B1_2,280,0.878571429,0.046428571,0.053571429,315.2489083,375.4818182,5904.940741,4068.614865,205,0.803921569,0.12254902,0.029411765,302.0658683,379.0526316,5884.325123,3987.495496
W_CHN_075_B1_2,241,0.900414938,0.024896266,0.058091286,296.6078431,345.15,6179.064935,4558.5,213,0.814285714,0.128571429,0.014285714,297.1067416,356.4285714,6043.048077,4026.951456
W_CHN_076_B1_1,236,0.823045267,0.065843621,0.069958848,324.0434783,377.25,5092.109589,3503.448276,241,0.801652893,0.115702479,0.008264463,316.201005,375.3762376,5854.724138,4158.343284
W_CHN_077_B1_1,241,0.897540984,0.040983607,0.032786885,291.5588235,342.0108696,6420.825532,4772.836066,214,0.819444444,0.115740741,0.027777778,299.005848,380.9264706,5793.133971,3504.80198
W_CHN_078_B1_2,220,0.894009217,0.041474654,0.055299539,314.6230366,372.2403846,5489.24537,3719.265625,243,0.804979253,0.136929461,0.024896266,303.8131313,378.5106383,5594.154812,3501.111111
W_CHN_079_B1_1,298,0.858085809,0.04620462,0.066006601,292.3803419,345.5294118,5588.864112,3966.951807,295,0.790540541,0.118243243,0.047297297,302.6623932,373.4424779,5400.123711,3355.109756
W_CHN_080_B1_1,229,0.878787879,0.043290043,0.056277056,312.5279188,382.1584158,6169.710407,4612.585366,208,0.763285024,0.15942029,0.033816425,302.2440476,383.027027,5357.251208,3087.46789
W_CHN_081_B1_1,301,0.907590759,0.03630363,0.04620462,301.5019455,348.957265,6484.924138,4857.52381,229,0.826666667,0.102222222,0.017777778,297.3101604,370.0352941,5920.565611,3940.008475
W_CHN_082_B1_1,200,0.888349515,0.033980583,0.072815534,307.3393939,360.673913,5810.937173,4433.211864,210,0.771428571,0.157142857,0.028571429,317.6647059,394.0875,5535.898551,3418.267241
W_CHN_083_B1_1,217,0.883408072,0.044843049,0.053811659,287.0923913,354.0125,6265.722488,4306.92233,205,0.756218905,0.179104478,0.014925373,310.5119048,377.0337079,5590.068966,3875.355372
W_CHN_084_B1_2,299,0.851973684,0.052631579,0.072368421,298.1735537,350.8907563,5573.448276,3663.180124,268,0.797752809,0.116104869,0.033707865,309.9905213,360.9396552,5112.152672,3369.674847
W_CHN_085_B1_2,262,0.921348315,0.014981273,0.052434457,308,375.5339806,6586.868526,4939.256,231,0.769565217,0.169565217,0.004347826,312.0162162,376.3370787,5705.508696,3891.51938
W_CHN_086_B1_1,220,0.915555556,0.035555556,0.044444444,329.2835052,387.9175258,5899.230392,4086.743119,258,0.78125,0.1015625,0.04296875,315.0195122,388.6666667,5155.621094,3131.927152
W_CHN_087_A2_0,203,0.893719807,0.028985507,0.072463768,285.9691358,347.5194805,5743.153846,3793.422018,206,0.818181818,0.114832536,0.004784689,288.6829268,349.3026316,5758.674877,3899.99115
W_CHN_088_B1_1,201,0.875,0.048076923,0.0625,303.8580247,361.0722892,5767.663212,4083.106195,202,0.784313725,0.117647059,0.039215686,304.5128205,373.7222222,5741.140625,3986.825243
W_CHN_089_B1_2,246,0.889328063,0.043478261,0.04743083,303.2110553,366.5,6079.917031,4421.222222,310,0.820846906,0.091205212,0.026058632,304.4563492,381.7142857,5936.006711,3803.769737
W_CHN_090_B1_1,216,0.837962963,0.087962963,0.064814815,304.9617486,347.8365385,5857.075472,4417.723077,212,0.819047619,0.123809524,0.023809524,303.0233918,369.804878,5773.118227,3878.070796
W_CHN_091_B1_1,226,0.9,0.043478261,0.043478261,299.7956989,359.2682927,6127.242009,4193.438596,204,0.800970874,0.121359223,0.038834951,289.8411765,358.8133333,5897.005051,3781.049505
W_CHN_092_A2_0,236,0.838842975,0.053719008,0.078512397,317.0307692,376.6785714,5131.728889,3523.935252,278,0.826568266,0.147601476,0.007380074,310.0742358,382.8090909,5679.141791,3600.3125
W_CHN_093_B1_1,206,0.886255924,0.037914692,0.071090047,294.6179775,337.4021739,6371.530303,4877.351852,205,0.763546798,0.133004926,0.034482759,299.3592814,362,5909.63,3869.056075
W_CHN_094_B1_1,247,0.897233202,0.039525692,0.055335968,304.0490196,362.5471698,6208.592437,4838.992537,217,0.831050228,0.114155251,0.01826484,305,362.826087,6401.471429,4577.888889
W_CHN_095_B1_1,303,0.897106109,0.028938907,0.064308682,292.7462121,367.0630631,6189.724138,4033.798561,282,0.85106383,0.09929078,0.021276596,288.4347826,358.7083333,6017.163043,3928.007299
W_CHN_096_B1_1,281,0.9,0.032142857,0.05,305.4756098,363.0569106,5893.481752,4031.967532,293,0.829931973,0.12244898,0.023809524,302.9322709,357.7068966,5842.591549,3703.893333
W_CHN_097_A2_0,283,0.903448276,0.027586207,0.062068966,300.3807531,361.4083333,6080.476015,4415.385621,238,0.845493562,0.107296137,0.012875536,294.5773196,371.8309859,6212.060345,3911.869159
W_CHN_098_B1_1,302,0.873333333,0.013333333,0.083333333,314.1836735,373.4100719,5607.848485,4211.659459,255,0.765625,0.12890625,0.0546875,305.45,369.5473684,5398.811475,3442.746377
W_CHN_099_A2_0,209,0.875576037,0.041474654,0.073732719,307.5748503,364.755814,5811.664975,4149.034483,218,0.851851852,0.078703704,0.00462963,304.961326,358.8690476,6284.604762,4584.785714
W_CHN_100_B1_1,302,0.886363636,0.045454545,0.061688312,308.0118577,369.6065574,6047.750853,4344.481013,263,0.85440613,0.118773946,0.011494253,315.026087,383.5344828,5950.521401,4074.835714
W_CHN_101_B1_1,239,0.857142857,0.020408163,0.097959184,296.8802083,363.9569892,5715.563319,3815.165354,244,0.730923695,0.136546185,0.02811245,310.7362637,403.9871795,5407.171674,3177.632
W_CHN_102_B1_1,291,0.905084746,0.040677966,0.044067797,293.2285714,344.3076923,6450.395018,5028.155405,232,0.818181818,0.134199134,0.025974026,293.039548,369.3589744,5666.45815,3900.163934
W_CHN_103_B1_1,281,0.874551971,0.025089606,0.082437276,304.225,355.8203125,5977.129032,4615.503106,245,0.817427386,0.145228216,0.01659751,297.4271845,363.875,5594.4875,3449.084615
W_CHN_104_B1_1,215,0.917808219,0.03196347,0.0456621,296.178771,343.741573,6265.333333,4855.078261,216,0.763033175,0.137440758,0.014218009,321.4457831,399.9325843,5304.917476,3615.0625
W_CHN_105_B1_1,220,0.912280702,0.013157895,0.052631579,308.4708995,354.8090909,6354.072464,5213.748032,201,0.748768473,0.167487685,0.034482759,305.313253,384.9473684,5677.135678,3469.777778
W_CHN_106_B1_1,230,0.943722944,0.021645022,0.025974026,313.8706468,375.9431818,6540.366071,4833.36036,221,0.787330317,0.171945701,0.009049774,330.2010582,385.2446809,5798.092166,3924.376068
W_CHN_107_B1_1,239,0.894514768,0.029535865,0.063291139,308.859375,353.2828283,5937.986784,4413.124031,202,0.828282828,0.136363636,0.025252525,316.5487805,380.875,5936.539604,3983.396226
W_CHN_108_B1_1,210,0.906103286,0.023474178,0.051643192,294.1538462,344.0555556,6158.582524,4503.991228,228,0.801762115,0.123348018,0.026431718,315.3265306,393.3829787,5579.511111,3395.780488
W_CHN_109_B1_1,233,0.872340426,0.025531915,0.076595745,294.5181347,363.3953488,5892.912281,3828.959016,215,0.796296296,0.134259259,0.032407407,301.0842697,374.2564103,5727.033333,3482.509259
W_CHN_110_B1_1,213,0.905660377,0.04245283,0.047169811,301.5948718,351.5794393,6306.438679,4960.532787,207,0.791262136,0.150485437,0.019417476,310.4131737,375.0434783,5573.619512,4015.625
W_CHN_111_B1_1,234,0.912133891,0.033472803,0.046025105,300.9340102,367.815534,5764.932432,3949.984252,204,0.805970149,0.119402985,0.024875622,307.6686747,380.4246575,5731.96,3581.621359
W_CHN_112_B1_1,287,0.930555556,0.024305556,0.038194444,300.9183673,383.3962264,5822.539007,3362.710145,209,0.801932367,0.101449275,0.033816425,309.9940828,395.5714286,5362.650485,3056.818182
W_CHN_113_B1_1,291,0.920689655,0.020689655,0.04137931,301.4347826,351.3203125,6497.00346,5164.509434,224,0.797297297,0.148648649,0.022522523,304.6507937,373.8313253,6114.837104,4158.530973
W_CHN_114_B1_1,248,0.86381323,0.054474708,0.06614786,289.6601942,351.0520833,6000.034043,4276.520325,215,0.804651163,0.134883721,0.009302326,301.3179191,380.9342105,5507.462264,3309.330357
W_CHN_115_A2_0,251,0.888030888,0.023166023,0.073359073,324.7897196,381.44,5870.818565,4479.405405,210,0.813397129,0.110047847,0.028708134,312.3630952,364.0344828,5709.570732,4086.865546
W_CHN_116_A2_0,209,0.923076923,0.024038462,0.038461538,304.265625,358.7264151,6483.721154,5242.61157,210,0.841346154,0.110576923,0.009615385,298.12,359.0581395,6130.043689,4496
W_CHN_117_A2_0,208,0.9342723,0.014084507,0.042253521,307.8756757,368.978022,6200.74,4574.653846,204,0.785365854,0.136585366,0.009756098,321.9877301,394.547619,5505.451777,3789.26087
W_CHN_118_B1_2,217,0.877828054,0.027149321,0.07239819,300.0655738,353.1058824,6160.15122,4278.962617,203,0.766990291,0.155339806,0.009708738,315.9649123,417.8823529,5752.949495,3081.547368
W_CHN_119_B1_1,216,0.897674419,0.037209302,0.041860465,312.3368421,360.3229167,6321.046729,4742.773109,217,0.769953052,0.131455399,0.014084507,299.7257143,358.8117647,5435.070755,3401.302521
W_CHN_120_B1_1,231,0.88362069,0.025862069,0.064655172,304.7272727,358.6421053,6333.726457,4676.478632,231,0.782608696,0.126086957,0.052173913,306.5666667,370.797619,5496.856522,3610.563492
W_CHN_121_B1_1,235,0.911016949,0.033898305,0.050847458,305.7336683,362.3,5913.85022,4366.808824,246,0.796680498,0.149377593,0.01659751,308.5449735,372.1938776,5705.945833,4095.827586
W_CHN_122_B1_1,205,0.885167464,0.057416268,0.043062201,293.4260355,363.1052632,6364.286432,4713.699029,237,0.764705882,0.12605042,0.016806723,293.7362637,359.1829268,5453.043478,3263.292683
W_CHN_123_B1_1,219,0.904109589,0.02283105,0.073059361,296.4074074,336.981982,6414.493088,5373.49635,211,0.769953052,0.159624413,0.023474178,319.5928144,389.3736264,5520.778846,3918.476923
W_CHN_124_B1_1,253,0.891472868,0.023255814,0.062015504,291.9009009,350.7647059,6036.5,4053.328,271,0.802197802,0.131868132,0.014652015,301.0958904,370.1683168,5651.388679,3592.767606
W_CHN_125_B1_1,255,0.919847328,0.019083969,0.049618321,313.1272727,363.1147541,6566.263374,5514.184397,229,0.765486726,0.163716814,0.004424779,317.8842105,389.7604167,5780.964126,4045.936
W_CHN_126_B1_1,207,0.868544601,0.046948357,0.070422535,292.5470588,348.8915663,5920.306533,4514.222222,215,0.734597156,0.165876777,0.028436019,293.8580645,390.9344262,5621.660194,3471.601852
W_CHN_127_B1_1,257,0.874045802,0.034351145,0.076335878,301.0238095,360.7184466,5782.741036,3999.421429,226,0.826666667,0.084444444,0.035555556,303.0611111,370.183908,5577.875556,3775.162791
W_CHN_128_B1_1,309,0.907348243,0.022364217,0.054313099,288.9660377,356.1810345,6264.97973,4448.294521,262,0.825095057,0.121673004,0.011406844,305.8820755,383.8390805,6057.623016,3945.186992
W_CHN_129_B1_1,249,0.900398406,0.051792829,0.039840637,296.3701923,361.8585859,5991.909091,4246.944882,234,0.861471861,0.0995671,0.017316017,297.3385417,379.2804878,5960.814655,3820.495727
W_CHN_130_B1_1,245,0.924302789,0.027888446,0.047808765,286.8118812,342.4456522,6332.441176,4824.508197,279,0.805054152,0.126353791,0.010830325,290.2747748,342.6190476,5484.225455,3588.458065
W_CHN_131_B1_1,205,0.885714286,0.042857143,0.071428571,320.4345238,371.7582418,6102.553846,4705.634783,214,0.762790698,0.162790698,0.018604651,302.3231707,372.3421053,5516.990385,3545.347458
W_CHN_132_B1_1,203,0.894736842,0.023923445,0.071770335,291.7852761,343.8266667,6273.126904,4650.091743,201,0.787128713,0.143564356,0.034653465,298.7207792,366.25,5699.778894,3728.227273
W_CHN_133_B1_1,232,0.902542373,0.029661017,0.063559322,288.4188482,342.6860465,6510.536364,4934.20354,179,0.829545455,0.107954545,0.022727273,302.9064748,374.8035714,5625.342857,3284.444444
W_CHN_134_A2_0,218,0.898617512,0.01843318,0.055299539,307.8579545,354.4074074,6175.61809,4288.192308,204,0.855721393,0.124378109,0,318.9542857,388.9736842,6578.792929,4895.57732
W_CHN_135_B1_1,298,0.887372014,0.054607509,0.044368601,305.1398305,362.7079646,5892.498182,4157.087248,228,0.793577982,0.137614679,0.02293578,310.5141243,367.2592593,5461.785047,3245.930435
W_CHN_136_A2_0,207,0.896226415,0.037735849,0.051886792,302.4642857,372.1025641,6248.565,4831.15534,215,0.768867925,0.174528302,0.028301887,311.819209,399.9210526,6050.900474,3986.333333
W_CHN_137_B1_2,217,0.896396396,0.040540541,0.031531532,309.7783784,357.7340426,6349.50237,5028.452991,236,0.812765957,0.140425532,0.008510638,322.885,400.9222222,6078.913793,4072.466667
W_CHN_138_B1_1,235,0.88559322,0.046610169,0.055084746,286.1581633,338.0795455,6165.061674,4444.765217,212,0.795348837,0.120930233,0.009302326,304.7085714,377.278481,5908.203884,3796.11215
W_CHN_139_A2_0,200,0.895522388,0.034825871,0.064676617,318.3184358,372.1960784,6156.266332,4926.09322,216,0.783410138,0.147465438,0.013824885,317.7078652,406.3157895,6136.109005,4152.009434
W_CHN_140_A2_0,218,0.910313901,0.044843049,0.044843049,305.5347594,355.7623762,5947.904762,4449.133333,212,0.753554502,0.137440758,0.042654028,305.2378049,382.1111111,5299.995122,3421.95082
W_CHN_141_B1_2,218,0.945454545,0.018181818,0.022727273,313.2279793,354.2688172,6743.596244,5390.171171,232,0.84279476,0.109170306,0.008733624,296.7653061,367.9462366,6025.713043,4203.778689
W_CHN_142_B1_1,199,0.915841584,0.034653465,0.034653465,302.0178571,353.6477273,6239.274611,4927.136364,203,0.7960199,0.179104478,0.004975124,315.9302326,391.7228916,5838.235,3921.563636
W_CHN_143_B1_1,265,0.897058824,0.040441176,0.040441176,314.3333333,380.3966942,6129.996,4513.964539,221,0.799086758,0.155251142,0.00456621,315.9830508,395.5925926,5978.863208,4162.504425
W_CHN_144_B1_1,274,0.903225806,0.032258065,0.050179211,306.6077586,341.6238532,6548.059701,5081.140845,233,0.822510823,0.116883117,0.021645022,301.755102,364.244186,6162.199134,4241.184874
W_CHN_145_B1_1,236,0.845188285,0.062761506,0.071129707,294.9267016,342.3125,6024.359649,4171.858407,214,0.896226415,0.080188679,0.018867925,302.0466321,347.22,6221.976415,4606.566372
W_CHN_146_A2_0,208,0.879069767,0.051162791,0.060465116,309.1918605,373.9506173,6041.580808,4342.086538,220,0.753424658,0.173515982,0.03196347,305.35,376.5454545,5659.733945,3857.479675
W_CHN_147_B1_1,228,0.871794872,0.034188034,0.05982906,304.2204301,347,5853.656109,4513.240602,202,0.807881773,0.118226601,0.039408867,280.7741935,344.9365079,5779.884422,3688.121495
W_CHN_148_B1_1,221,0.860986547,0.058295964,0.058295964,303.7430168,369.1860465,5767.048309,3875.182609,241,0.79253112,0.099585062,0.041493776,305.3862434,394.2073171,5504.510549,3403.21875
W_CHN_149_B1_1,249,0.890625,0.0390625,0.0546875,293,341.5576923,6208.405858,4617.586466,253,0.798418972,0.150197628,0.015810277,310.4703196,395.040404,6040.448,3994.153846
W_CHN_150_B1_1,214,0.903225806,0.036866359,0.041474654,292.9672131,354.5581395,6145.778846,4349.145455,211,0.8,0.138095238,0.023809524,308.1781609,389.1772152,5857.162679,3844
W_CHN_151_B1_2,211,0.844036697,0.041284404,0.091743119,301.6034483,368.3333333,5570.551724,3847.377193,204,0.822660099,0.123152709,0.02955665,309.9166667,403.915493,5815.90099,3692.84
W_CHN_152_B1_2,227,0.903930131,0.013100437,0.07860262,305.030303,355.7222222,6001.299107,4602.732824,228,0.798206278,0.134529148,0.022421525,313.6502732,394.7468354,5661.049327,3503.605263
W_CHN_153_B1_1,221,0.907488987,0.026431718,0.057268722,315.4947368,380.3406593,6239.215962,4457.106195,192,0.811518325,0.157068063,0,323.6754967,394.8219178,5709.915789,3950.066667
W_CHN_154_B1_1,242,0.858870968,0.056451613,0.060483871,293.8431373,367.4285714,6019.461207,3994.838983,248,0.780487805,0.134146341,0.024390244,303.5103093,380.7654321,5662.827869,3509.130081
W_CHN_155_B1_1,229,0.904761905,0.038961039,0.043290043,300.4975369,359.8224299,6358.413333,4921.826772,285,0.856643357,0.094405594,0.01048951,293.4224138,374.6630435,6070.202166,3793.288889
W_CHN_156_B1_1,279,0.859649123,0.063157895,0.063157895,308.7312775,368.3508772,5691.940075,4008.88,207,0.77184466,0.111650485,0.038834951,314.3928571,384.5,5608.393035,3732.159292
W_CHN_157_B1_1,222,0.897777778,0.026666667,0.057777778,301.0685714,355.4303797,5816.03271,3866.336207,204,0.775,0.155,0.035,320.7797619,398.0595238,5634.59204,3769.75
W_CHN_158_B1_2,224,0.865800866,0.038961039,0.069264069,299.9553073,356.5172414,5653.976744,3780.218487,201,0.84,0.095,0.025,299.8544304,380.4,5722.025,3543.650485
W_CHN_159_B1_1,204,0.896551724,0.02955665,0.068965517,303.2527473,354.8265306,6096.857843,4703.747899,225,0.76,0.133333333,0.013333333,321.84375,389.1304348,6003.0625,4306.204918
W_CHN_160_B2_0,214,0.873303167,0.031674208,0.081447964,311.627907,368.3409091,5826.79,4256.582609,206,0.748768473,0.142857143,0.044334975,293.6903226,359.1449275,5337.504951,3388.63964
W_CHN_161_B1_1,223,0.855263158,0.057017544,0.065789474,299.1555556,357.2696629,5592.967593,3686.57377,221,0.792792793,0.135135135,0.022522523,304.2582418,370.8734177,5703.654545,3435.318966
W_CHN_162_B1_1,223,0.872807018,0.043859649,0.057017544,313.4972067,377.6382979,5400.213953,3659.015873,235,0.836909871,0.124463519,0.004291845,302.6387435,368.5604396,5857.296137,4045.703125
W_CHN_163_B2_0,219,0.861607143,0.03125,0.09375,307.0057471,373.037037,5727.951456,3767.540541,236,0.764957265,0.132478632,0.02991453,312.8770053,391.9361702,5475.562771,3606
W_CHN_164_B1_1,257,0.939393939,0.018939394,0.034090909,306.4809524,355.3157895,6282.850806,5250.308219,203,0.821782178,0.128712871,0,311.6823529,375.0888889,6002.811881,4681.798319
W_CHN_165_B1_1,212,0.888888889,0.041666667,0.055555556,306.4842105,368.8043478,6531.359223,5030.613208,212,0.771428571,0.161904762,0.033333333,316.8361582,385.2934783,5747.589372,4000.672131
W_CHN_166_B1_1,252,0.849802372,0.059288538,0.055335968,324.7264151,384.3057851,5787.058333,4298.383562,225,0.777777778,0.133333333,0.026666667,307.1529412,366.8522727,5532.142857,3981.514493
W_CHN_167_B1_1,231,0.927350427,0.038461538,0.021367521,311.0995261,366.0326087,6935.59292,5500.019231,206,0.821782178,0.138613861,0.014851485,304.4047619,376,5891.990099,3910.925926
W_CHN_168_B1_1,231,0.890350877,0.030701754,0.061403509,303.9166667,351.4954128,6491.271111,5265.161538,248,0.788617886,0.146341463,0.028455285,311.8274112,383.6770833,5496.016194,3616.333333
W_CHN_169_B1_2,199,0.885167464,0.038277512,0.062200957,301.4528302,369.9230769,5736.174603,3937.019231,220,0.785388128,0.155251142,0.01369863,309.0114943,384.1232877,5530.651376,3234.787611
W_CHN_170_B1_2,203,0.9375,0.024038462,0.038461538,289.7206704,337.8522727,6413.22335,4907.221154,206,0.808823529,0.137254902,0.009803922,314.744186,389.7710843,5722.848039,3814.859649
W_CHN_171_B1_1,205,0.917073171,0.043902439,0.03902439,307.5215054,343.5673077,6457.985222,5286.542373,228,0.820175439,0.127192982,0.013157895,320.2642487,384.030303,6203.867257,4705.426357
W_CHN_172_B2_0,202,0.894736842,0.028708134,0.062200957,305.2804878,363.9506173,5921.005236,4370.897196,205,0.781094527,0.154228856,0.029850746,307.7317073,367.4054054,5699.361809,3849.943925
W_CHN_173_B1_1,220,0.940639269,0.03652968,0.01826484,316.7486631,392.1797753,6077.705069,4364.417391,224,0.838565022,0.130044843,0.01793722,308.8924731,385.5357143,5991.908676,4234.017699
W_CHN_174_B1_1,244,0.87250996,0.043824701,0.067729084,299.1145833,355.5376344,5389.778723,3520.530303,245,0.790983607,0.139344262,0.028688525,310,391.6976744,5827.556017,3666.152
W_CHN_175_B1_1,244,0.902834008,0.044534413,0.04048583,294.0966184,332.4455446,6668.877637,5447.868217,204,0.782178218,0.138613861,0.024752475,293.664557,360.1791045,5650.292079,3718.622642
W_CHN_176_B1_1,225,0.924107143,0.03125,0.026785714,299.5445026,375.5131579,6604.755656,4809.009804,216,0.859813084,0.098130841,0,300.1414141,362.8041237,6457.32243,4868.372727
W_CHN_177_B1_2,243,0.858267717,0.043307087,0.07480315,311.7908163,383.2,5979.048035,4063.716667,259,0.762645914,0.159533074,0.027237354,298.437788,363.3663366,5629.143969,3474.330986
W_CHN_178_B1_1,217,0.922727273,0.040909091,0.036363636,301.4456522,352.5604396,6422.425234,5055.700855,240,0.790794979,0.146443515,0.0041841,317.984456,409.4404762,5640.919831,3354.365854
W_CHN_179_B1_1,240,0.87854251,0.032388664,0.064777328,309.5811518,375.2115385,5737.561404,4262.601449,234,0.865217391,0.091304348,0.030434783,307.5929648,356.7745098,6074.548246,4493.755906
W_CHN_180_B1_2,228,0.868085106,0.059574468,0.063829787,301.2178771,371.5443038,5743.574074,3795.421053,220,0.800904977,0.135746606,0.027149321,301.7555556,375.3536585,5848.077982,3857.931034
W_CHN_181_B1_1,293,0.879598662,0.046822742,0.063545151,305.2734694,370.8290598,5829.003534,4012.61039,225,0.752252252,0.130630631,0.040540541,287.3314286,356.9066667,5536.243243,3384.521008
W_CHN_182_B2_0,209,0.898148148,0.041666667,0.050925926,303.05,356.6702128,6338.263682,4954.714286,222,0.790909091,0.154545455,0.004545455,311.0607735,384.9125,5896.711628,3907.185841
W_CHN_183_B1_2,249,0.914285714,0.024489796,0.06122449,310.9627907,354.015625,6070.597561,5010.267516,224,0.8125,0.178571429,0.004464286,328.969697,391.2407407,6281.168224,4874.138211
W_CHN_184_A2_0,200,0.894736842,0.033492823,0.062200957,303.9268293,373.5125,5808.52356,3940.826923,246,0.808163265,0.146938776,0.016326531,312.1840796,381.1978022,5503.307377,3341.780303
W_CHN_185_B1_1,232,0.876595745,0.029787234,0.072340426,308.969697,366.7708333,6225.736607,4589.816667,251,0.829268293,0.101626016,0.028455285,308.7817259,376.7731959,5367.831967,3372.417266
W_CHN_186_B1_1,210,0.871559633,0.013761468,0.068807339,306.3254438,354.1333333,5645.195,3989.194915,221,0.789954338,0.155251142,0.01826484,318.4972973,408.3209877,5992.981651,3807.642857
W_CHN_187_B1_1,256,0.897727273,0.034090909,0.060606061,299.8018868,362.2884615,5960.020921,4388.637795,216,0.746478873,0.154929577,0.023474178,307.7911392,421.7,5309.688995,2678.62037
W_CHN_188_A2_0,217,0.869767442,0.041860465,0.074418605,302.1827957,361.3736264,5911.280374,4173.824561,228,0.795555556,0.128888889,0.017777778,310.9485714,366.7888889,5518.095023,3765.185185
W_CHN_189_B1_1,222,0.915929204,0.030973451,0.044247788,331.8157895,383.0917431,6069.260664,4779.094488,235,0.820512821,0.128205128,0.008547009,321.3819095,386.7864078,5945.6,4318.090909
W_CHN_190_B1_1,219,0.89380531,0.03539823,0.061946903,304.4644809,353.0224719,5939.381643,4253.18018,222,0.814479638,0.140271493,0.009049774,314.0446927,388.1772152,5787.316279,3855.486957
W_CHN_191_B1_1,253,0.868725869,0.038610039,0.061776062,311.2807882,383.71875,5548.569038,3693.75969,219,0.811926606,0.146788991,0.018348624,297.3425414,360.0853659,5959.513889,4261.663717
W_CHN_192_B1_1,215,0.901785714,0.013392857,0.066964286,302.972067,362.8255814,6315.456311,4766.293578,227,0.803571429,0.138392857,0.026785714,295.1937173,357.7471264,5900.53125,3876.042017
W_CHN_193_B1_1,218,0.863436123,0.030837004,0.088105727,302.9,363.0108696,5675.211538,3871.543103,217,0.777777778,0.138888889,0.032407407,296.8983051,353.6987952,5522.837209,3305.176471
W_CHN_194_B1_1,266,0.907063197,0.044609665,0.037174721,305.1165919,351.8846154,6414.299611,4805.192593,225,0.848214286,0.084821429,0.008928571,313.5647668,375.045977,6024.041096,3880.099099
W_CHN_195_B1_1,239,0.87854251,0.044534413,0.072874494,302.9637306,373.8444444,5912.203463,4222.88,203,0.793103448,0.128078818,0.039408867,298.7730061,367,5516.009901,3150.403846
W_CHN_196_B1_1,274,0.925795053,0.017667845,0.049469965,299.375,351.128,6735.11284,5550.8,239,0.766949153,0.127118644,0.06779661,296.6182796,380.2876712,5383.355932,2819.677966
W_CHN_197_B1_1,306,0.940063091,0.009463722,0.041009464,296.1735849,343.64,6687.612457,5311.802632,229,0.850220264,0.110132159,0.004405286,300.1989247,364.8658537,6075.145455,4287.538462
W_CHN_198_A2_0,204,0.897674419,0.037209302,0.060465116,298.2037037,361.5921053,6021.410526,4194.480392,229,0.826086957,0.108695652,0.02173913,301.1542553,366.625,6099.209821,4142.086207
W_CHN_199_B1_1,239,0.885714286,0.028571429,0.065306122,305.7376238,354.5137615,6001.258772,4466.62406,246,0.78600823,0.152263374,0.008230453,312.3814433,370.9816514,5598.82377,4242.146497
W_CHN_200_B1_1,263,0.898876404,0.052434457,0.041198502,298.2123894,372.9897959,6384.727626,4613.32,258,0.781746032,0.126984127,0.023809524,306.0462963,378.85,5785.34127,3799.278195
W_CHN_201_B1_1,212,0.899082569,0.036697248,0.041284404,295.5828571,347.3604651,6146.497561,4721.875,197,0.81443299,0.139175258,0.010309278,292.8170732,364.2465753,6161.189744,4423.666667
W_CHN_202_A2_0,286,0.86013986,0.038461538,0.066433566,323.0088496,390.8288288,5203.698885,3029.986486,239,0.738396624,0.126582278,0.037974684,320.4213483,420.175,4932.883621,2809.238462
W_CHN_203_B1_1,223,0.894736842,0.030701754,0.061403509,285.2365591,341.8125,6468.903226,4816.953271,244,0.823529412,0.121848739,0.012605042,302.7910448,376.2197802,5925.690377,4010.100775
W_CHN_204_B1_1,220,0.905579399,0.025751073,0.060085837,314.3333333,375.311828,5875.26087,4079.269565,199,0.805128205,0.148717949,0.01025641,320.3902439,402.5802469,5751.326425,3892.807339
W_CHN_205_B1_1,197,0.945,0.02,0.03,289.797619,352.2027027,6370.336788,4642.092784,289,0.796428571,0.132142857,0.035714286,298.3348416,367.5714286,5552.66548,3514.907285
W_CHN_206_B1_1,263,0.901140684,0.053231939,0.034220532,290.9636364,345.2857143,6188.09375,4298.038462,215,0.773584906,0.136792453,0.018867925,305.117284,376.64,5400.185714,3498.153846
W_CHN_207_B1_1,299,0.877419355,0.029032258,0.074193548,310.5748988,376.8991597,5744.985765,3770.341935,308,0.782178218,0.108910891,0.04290429,305.7020408,388.1607143,5715.100334,3876.945122
W_CHN_208_B1_1,199,0.916666667,0.03125,0.046875,298.6294118,347.373494,6144.732984,4354.98,207,0.873170732,0.097560976,0.004878049,294.0228571,347.0963855,6353.02,4884.803738
W_CHN_209_B1_1,237,0.913580247,0.024691358,0.041152263,304.4137931,337.3578947,6702.079295,5329,212,0.887323944,0.089201878,0,297.5762712,351.8148148,6207.922705,4513.527778
W_CHN_210_A2_0,199,0.901477833,0.049261084,0.044334975,306.3932584,358.2989691,6360.675258,5081.449541,199,0.855721393,0.124378109,0,297.2601156,361.1410256,6359.068063,4478.571429
W_CHN_211_B1_1,226,0.892241379,0.025862069,0.073275862,309.6830601,379.8433735,5943.267606,4117.733945,208,0.754807692,0.120192308,0.076923077,312.89375,397.1764706,5106.439024,2664.651786
W_CHN_212_B1_1,206,0.934579439,0.014018692,0.046728972,305.8983051,379.1392405,6624.168367,5043.204082,261,0.806949807,0.081081081,0.042471042,292.4752475,359.5957447,5535.236434,3493.292517
W_CHN_213_B1_1,274,0.913669065,0.035971223,0.039568345,295.8644068,352.8738739,6388.451493,4791.507246,233,0.857758621,0.103448276,0,293.1658031,360.5125,6266.437768,4245.263158
W_CHN_214_B1_1,275,0.913669065,0.032374101,0.039568345,304.4232365,361.1043478,6263.145522,4540.092199,189,0.802139037,0.139037433,0.021390374,306.3164557,391.9142857,5662.010695,3416.642105
W_CHN_215_B1_1,213,0.936585366,0.014634146,0.03902439,310.6082474,350.8598131,6438.133971,5109.859504,224,0.830275229,0.123853211,0.009174312,312.8900524,366.020202,6213.829493,4775.966942
W_CHN_216_A2_0,185,0.903743316,0.037433155,0.053475936,314.4238411,365.3205128,5703.59887,4010.39,212,0.781990521,0.123222749,0.033175355,285.186747,339.6756757,5637.386473,3624.026549
W_CHN_217_B1_2,261,0.906367041,0.033707865,0.048689139,303.7860465,364.961165,6292.258065,4656.362963,228,0.84279476,0.104803493,0.008733624,299.486911,362.4482759,6275.728972,4536.245455
W_CHN_218_B1_2,213,0.877272727,0.054545455,0.054545455,314.8208092,381.827957,5487.156863,3764.852459,199,0.807106599,0.121827411,0.025380711,314.8263473,380.7195122,5739,3743.411215
W_CHN_219_B1_1,215,0.909502262,0.018099548,0.054298643,320.4325843,396.9230769,6003.952153,4273.29661,230,0.802690583,0.143497758,0.013452915,319.5956284,380.04,5755.062222,4148.80597
W_CHN_220_B1_2,220,0.870967742,0.046082949,0.055299539,306.0263158,367.8947368,5474.840183,3495.327869,205,0.785365854,0.12195122,0.019512195,305.4285714,370.5394737,4861.555,2820.884956
W_CHN_221_B1_2,289,0.881756757,0.033783784,0.074324324,299.5497836,353.0865385,6304.60219,4636.421769,243,0.834710744,0.074380165,0.02892562,308.8088235,365.744898,5912.147059,4106.869231
W_CHN_222_B1_2,227,0.893333333,0.031111111,0.066666667,297.7878788,349.875,6676.066372,5446.076271,204,0.808823529,0.12254902,0.014705882,301.7960526,371.6666667,5361.688442,3353.954128
W_CHN_223_B1_1,212,0.894230769,0.048076923,0.048076923,312.9322034,371.6853933,5828.904306,4341.403361,219,0.817351598,0.118721461,0.01826484,304.9836066,371.6222222,5731.883178,3807.31405
W_CHN_224_B1_2,252,0.892430279,0.043824701,0.051792829,301.2850679,352.8305085,6096.179283,4696.719178,215,0.751173709,0.131455399,0.009389671,322,412.7468354,5275.12381,2978.570175
W_CHN_225_B1_1,283,0.903914591,0.03202847,0.053380783,308.0869565,357.2867133,6321.773381,5101.230303,233,0.808695652,0.126086957,0.026086957,312.32,373.7961165,5976.812227,4244.198473
W_CHN_226_B1_2,337,0.891812865,0.035087719,0.058479532,297.9822695,368.4262295,6390.642633,4810.012739,246,0.792682927,0.134146341,0.032520325,303.3969849,380.3777778,5709.938272,3884.068182
W_CHN_227_B1_1,241,0.868852459,0.06147541,0.06147541,293.0891089,347.5408163,6442.350427,5057.417323,214,0.81042654,0.123222749,0.028436019,307.7897727,382.6666667,5743.473684,3871.383929
W_CHN_228_B2_0,313,0.853582555,0.043613707,0.080996885,289.1646586,354.2342342,5593.867797,3540.006579,342,0.818452381,0.098214286,0.029761905,308.1272727,382.3225806,5599.202454,3508.603448
W_CHN_229_B1_1,247,0.898785425,0.044534413,0.056680162,295.321267,340.626087,6528.11336,5271.457143,255,0.854901961,0.098039216,0.02745098,286.8915094,344.3829787,5942.537255,3929.007576
W_CHN_230_B1_2,225,0.848484848,0.051948052,0.073593074,293.8044693,355.4375,5679.307339,3581.905983,246,0.817073171,0.109756098,0.020325203,306.65,385.6956522,5749.549587,3862.310078
W_CHN_231_B1_1,207,0.886255924,0.033175355,0.071090047,298.0847458,351.091954,6116.610837,4412.637168,211,0.815165877,0.075829384,0.023696682,291.7853107,339.9240506,6088.89372,4110.915094
W_CHN_232_B1_1,270,0.870503597,0.053956835,0.064748201,298.5265487,347.6134454,6116.519685,4538.560811,239,0.731914894,0.165957447,0.029787234,313,382.5698925,4689.405172,2803.07483
W_CHN_233_B1_1,235,0.871369295,0.037344398,0.074688797,302.0210526,366.8736842,5701.669604,3957.643411,234,0.800865801,0.112554113,0.025974026,305.6132597,385.5696203,5309.534783,2987.015873
W_CHN_234_B1_2,325,0.891238671,0.024169184,0.075528701,298.801444,348.1621622,5884.70607,4265.690608,274,0.813868613,0.109489051,0.018248175,295.7916667,378.1395349,5728.67037,3658.943662
W_CHN_235_B1_1,300,0.928104575,0.022875817,0.045751634,296.609375,365.1858407,6527.738832,4833.97973,258,0.85546875,0.10546875,0.00390625,303.8027523,348.9907407,6089.811024,4391.765957
W_CHN_236_B1_1,243,0.87966805,0.053941909,0.049792531,305.1923077,349.4545455,6320.573222,4737.415385,233,0.853448276,0.090517241,0.030172414,294.4652406,350.0212766,5670.850877,4063.985185
W_CHN_237_A2_0,207,0.966507177,0.009569378,0.023923445,300.1505376,345.1134021,6862.019608,5772.339286,226,0.867256637,0.115044248,0.008849558,316.7889447,375.1782178,6480.110619,5091.772358
W_CHN_238_B1_1,247,0.861111111,0.071428571,0.031746032,307.7272727,369.5979381,6580.794979,5204.850394,228,0.825892857,0.125,0.008928571,308.6839378,381.4301075,5863.856502,3977.352459
W_CHN_239_B1_1,203,0.927184466,0.024271845,0.033980583,309.5945946,356.3367347,6308.239796,4863.898148,218,0.821100917,0.123853211,0.018348624,313.0617978,372.5268817,5948.427907,4461.891473
W_CHN_240_B1_1,250,0.882113821,0.024390244,0.073170732,308.2110092,360.6585366,6163.096639,4818.690141,218,0.844339623,0.108490566,0.028301887,298.4529412,345.5822785,5625.696682,3733.717949
W_CHN_241_B1_2,202,0.912621359,0.029126214,0.038834951,304.7183908,360.5113636,6371.636842,4945.514563,223,0.831818182,0.122727273,0,292.8181818,364.3571429,5804.837963,3656.263636
W_CHN_242_B2_0,271,0.888086643,0.036101083,0.068592058,297.8772727,363.2736842,6319.116732,4646.269231,255,0.801587302,0.126984127,0.027777778,307.1207729,385.1052632,5613.46,3523.386364
W_CHN_243_B1_1,233,0.891213389,0.033472803,0.050209205,302.0255102,391.3181818,6202.161435,4391.627273,208,0.811594203,0.125603865,0.014492754,296.2215569,367.1066667,5771.32,3624.084112
W_CHN_244_B1_1,198,0.890547264,0.049751244,0.039800995,305.8630952,362.0957447,5863.915344,4477.238938,216,0.841860465,0.125581395,0.004651163,303.6666667,381.5853659,5683.43128,3513.491071
W_CHN_245_B1_1,247,0.914634146,0.024390244,0.048780488,288.2971698,338.2524272,6189.437247,4674.360902,220,0.843317972,0.119815668,0.02764977,300.6574586,357.8241758,5683.175926,3882.424
W_CHN_246_B1_1,228,0.894514768,0.021097046,0.050632911,310.28125,385.0879121,6356.031963,4712.353982,226,0.781659389,0.126637555,0.021834061,316.0714286,406.7105263,5804.954545,3605.572727
W_CHN_247_B1_2,225,0.898678414,0.030837004,0.052863436,310.9746193,380.5051546,6321.877273,4736.243697,206,0.800970874,0.150485437,0.014563107,306.2325581,370.4941176,5824.263415,4153.052174
W_CHN_248_B1_1,256,0.854961832,0.030534351,0.083969466,301.9751244,356.7184466,5604.364754,3947.826389,237,0.818565401,0.063291139,0.050632911,295.9567568,365.8941176,5478.148936,3515.775194
W_CHN_249_B1_1,212,0.901408451,0.023474178,0.061032864,295.6127168,351.52,6104.674877,4281.288462,214,0.830188679,0.117924528,0.004716981,306.3,386.9736842,5650.770335,3665.798165
W_CHN_250_B1_2,209,0.906976744,0.041860465,0.051162791,310.6588235,374.8764045,5935.19403,4569.535088,227,0.807017544,0.109649123,0.030701754,293.0331492,352.6075949,5662.439462,3513.352941